"filename", "language", "YAML", "Dart", "Swift", "JSON", "JavaScript", "comment", "blank", "total"
"c:\Users\User\Desktop\receive\linkspeak\codemagic.yaml", "YAML", 18, 0, 0, 0, 0, 8, 1, 27
"c:\Users\User\Desktop\receive\linkspeak\firebase.json", "JSON", 0, 0, 0, 1, 0, 0, 0, 1
"c:\Users\User\Desktop\receive\linkspeak\functions\.eslintrc.js", "JavaScript", 0, 0, 0, 0, 3, 0, 0, 3
"c:\Users\User\Desktop\receive\linkspeak\functions\index.js", "JavaScript", 0, 0, 0, 0, 56, 0, 0, 56
"c:\Users\User\Desktop\receive\linkspeak\functions\package.json", "JSON", 0, 0, 0, 1, 0, 0, 0, 1
"c:\Users\User\Desktop\receive\linkspeak\ios\Runner\AppDelegate.swift", "Swift", 0, 0, -1, 0, 0, 1, 0, 0
"c:\Users\User\Desktop\receive\linkspeak\ios\Runner\Assets.xcassets\AppIcon.appiconset\Contents.json", "JSON", 0, 0, 0, -121, 0, 0, -1, -122
"c:\Users\User\Desktop\receive\linkspeak\lib\Locales\appLanguage.dart", "Dart", 0, 1454, 0, 0, 0, 0, 151, 1605
"c:\Users\User\Desktop\receive\linkspeak\lib\Locales\ar_appLanguage.dart", "Dart", 0, 1492, 0, 0, 0, 0, 171, 1663
"c:\Users\User\Desktop\receive\linkspeak\lib\Locales\en_appLanguage.dart", "Dart", 0, 1457, 0, 0, 0, 0, 151, 1608
"c:\Users\User\Desktop\receive\linkspeak\lib\Locales\tr_appLanguage.dart", "Dart", 0, 1569, 0, 0, 0, 0, 201, 1770
"c:\Users\User\Desktop\receive\linkspeak\lib\admin\screens\allPostsScreen.dart", "Dart", 0, 1, 0, 0, 0, 0, 0, 1
"c:\Users\User\Desktop\receive\linkspeak\lib\admin\screens\allUserClubsScreen.dart", "Dart", 0, 2, 0, 0, 0, 0, 0, 2
"c:\Users\User\Desktop\receive\linkspeak\lib\admin\screens\archiveFindScreen.dart", "Dart", 0, 3, 0, 0, 0, 0, 0, 3
"c:\Users\User\Desktop\receive\linkspeak\lib\admin\screens\controlDailyDetails.dart", "Dart", 0, 2, 0, 0, 0, 0, 0, 2
"c:\Users\User\Desktop\receive\linkspeak\lib\admin\screens\controlDailyLoginSearch.dart", "Dart", 0, 6, 0, 0, 0, 0, 0, 6
"c:\Users\User\Desktop\receive\linkspeak\lib\admin\screens\controlDailyLogins.dart", "Dart", 0, 2, 0, 0, 0, 0, 0, 2
"c:\Users\User\Desktop\receive\linkspeak\lib\admin\screens\controlDailyScreen.dart", "Dart", 0, 2, 0, 0, 0, 0, 0, 2
"c:\Users\User\Desktop\receive\linkspeak\lib\admin\screens\controlDayScreen.dart", "Dart", 0, 2, 0, 0, 0, 0, 0, 2
"c:\Users\User\Desktop\receive\linkspeak\lib\admin\screens\findScreen.dart", "Dart", 0, 2, 0, 0, 0, 0, 0, 2
"c:\Users\User\Desktop\receive\linkspeak\lib\admin\screens\generalControlScreen.dart", "Dart", 0, 1, 0, 0, 0, 0, 0, 1
"c:\Users\User\Desktop\receive\linkspeak\lib\admin\screens\generalItemsScreen.dart", "Dart", 0, 2, 0, 0, 0, 0, 0, 2
"c:\Users\User\Desktop\receive\linkspeak\lib\admin\screens\mainAdminScreen.dart", "Dart", 0, 1, 0, 0, 0, 0, 0, 1
"c:\Users\User\Desktop\receive\linkspeak\lib\admin\screens\mainArchiveScreen.dart", "Dart", 0, 1, 0, 0, 0, 0, 0, 1
"c:\Users\User\Desktop\receive\linkspeak\lib\admin\screens\mainControlScreen.dart", "Dart", 0, 1, 0, 0, 0, 0, 0, 1
"c:\Users\User\Desktop\receive\linkspeak\lib\admin\screens\mainProfanityScreen.dart", "Dart", 0, 1, 0, 0, 0, 0, 0, 1
"c:\Users\User\Desktop\receive\linkspeak\lib\admin\screens\newFlaresScreen.dart", "Dart", 0, 1, 0, 0, 0, 0, 0, 1
"c:\Users\User\Desktop\receive\linkspeak\lib\admin\screens\profanityItemsScreen.dart", "Dart", 0, 2, 0, 0, 0, 0, 0, 2
"c:\Users\User\Desktop\receive\linkspeak\lib\admin\screens\userDailyCollectionsScreen.dart", "Dart", 0, 2, 0, 0, 0, 0, 0, 2
"c:\Users\User\Desktop\receive\linkspeak\lib\admin\screens\userDailyDetailsScreen.dart", "Dart", 0, 2, 0, 0, 0, 0, 0, 2
"c:\Users\User\Desktop\receive\linkspeak\lib\admin\screens\userDailyScreen.dart", "Dart", 0, 1, 0, 0, 0, 0, 0, 1
"c:\Users\User\Desktop\receive\linkspeak\lib\admin\widgets\Archives\archiveWidget.dart", "Dart", 0, 1, 0, 0, 0, 0, 0, 1
"c:\Users\User\Desktop\receive\linkspeak\lib\admin\widgets\Generals\generalWidget.dart", "Dart", 0, 3, 0, 0, 0, 0, 0, 3
"c:\Users\User\Desktop\receive\linkspeak\lib\admin\widgets\Misc\banDialog.dart", "Dart", 0, 3, 0, 0, 0, 0, -1, 2
"c:\Users\User\Desktop\receive\linkspeak\lib\admin\widgets\Misc\docDetailsDialog.dart", "Dart", 0, 1, 0, 0, 0, 0, 0, 1
"c:\Users\User\Desktop\receive\linkspeak\lib\admin\widgets\Misc\prohibitDialog.dart", "Dart", 0, 5, 0, 0, 0, 0, -1, 4
"c:\Users\User\Desktop\receive\linkspeak\lib\clubs\adminsScreen.dart", "Dart", 0, 2, 0, 0, 0, 0, 0, 2
"c:\Users\User\Desktop\receive\linkspeak\lib\clubs\assignAdminScreen.dart", "Dart", 0, 2, 0, 0, 0, 0, 0, 2
"c:\Users\User\Desktop\receive\linkspeak\lib\clubs\banItem.dart", "Dart", 0, 1, 0, 0, 0, 0, 0, 1
"c:\Users\User\Desktop\receive\linkspeak\lib\clubs\banMemberScreen.dart", "Dart", 0, 2, 0, 0, 0, 0, 0, 2
"c:\Users\User\Desktop\receive\linkspeak\lib\clubs\clubAlertsScreen.dart", "Dart", 0, 2, 0, 0, 0, 0, 0, 2
"c:\Users\User\Desktop\receive\linkspeak\lib\clubs\clubBannedScreen.dart", "Dart", 0, -2, 0, 0, 0, 0, 0, -2
"c:\Users\User\Desktop\receive\linkspeak\lib\clubs\clubBanner.dart", "Dart", 0, -1, 0, 0, 0, 0, 0, -1
"c:\Users\User\Desktop\receive\linkspeak\lib\clubs\clubCenterScreen.dart", "Dart", 0, -11, 0, 0, 0, 0, 0, -11
"c:\Users\User\Desktop\receive\linkspeak\lib\clubs\clubJoinButton.dart", "Dart", 0, 2, 0, 0, 0, 0, 0, 2
"c:\Users\User\Desktop\receive\linkspeak\lib\clubs\clubJoinRequest.dart", "Dart", 0, 1, 0, 0, 0, 0, 0, 1
"c:\Users\User\Desktop\receive\linkspeak\lib\clubs\clubMemberScreen.dart", "Dart", 0, 1, 0, 0, 0, 0, 0, 1
"c:\Users\User\Desktop\receive\linkspeak\lib\clubs\clubRequestsScreen.dart", "Dart", 0, 2, 0, 0, 0, 0, 0, 2
"c:\Users\User\Desktop\receive\linkspeak\lib\clubs\clubScreen.dart", "Dart", 0, -9, 0, 0, 0, 0, 0, -9
"c:\Users\User\Desktop\receive\linkspeak\lib\clubs\clubSensitiveBanner.dart", "Dart", 0, 4, 0, 0, 0, 0, 0, 4
"c:\Users\User\Desktop\receive\linkspeak\lib\clubs\clubTabBar.dart", "Dart", 0, 2, 0, 0, 0, 0, 1, 3
"c:\Users\User\Desktop\receive\linkspeak\lib\clubs\clubTabs.dart", "Dart", 0, -2, 0, 0, 0, 0, 0, -2
"c:\Users\User\Desktop\receive\linkspeak\lib\clubs\clubTopicsTab.dart", "Dart", 0, -9, 0, 0, 0, 0, 0, -9
"c:\Users\User\Desktop\receive\linkspeak\lib\clubs\createClubScreen.dart", "Dart", 0, 48, 0, 0, 0, 0, 1, 49
"c:\Users\User\Desktop\receive\linkspeak\lib\clubs\manageClubScreen.dart", "Dart", 0, 1, 0, 0, 0, 0, 1, 2
"c:\Users\User\Desktop\receive\linkspeak\lib\clubs\newClubPost.dart", "Dart", 0, 11, 0, 0, 0, 0, -1, 10
"c:\Users\User\Desktop\receive\linkspeak\lib\clubs\privateClub.dart", "Dart", 0, -11, 0, 0, 0, 0, -1, -12
"c:\Users\User\Desktop\receive\linkspeak\lib\flares\addFlareComment.dart", "Dart", 0, 5, 0, 0, 0, 0, 1, 6
"c:\Users\User\Desktop\receive\linkspeak\lib\flares\addFlareReply.dart", "Dart", 0, -6, 0, 0, 0, 0, 1, -5
"c:\Users\User\Desktop\receive\linkspeak\lib\flares\customizeFlareScreen.dart", "Dart", 0, 2, 0, 0, 0, 0, 0, 2
"c:\Users\User\Desktop\receive\linkspeak\lib\flares\flareAlertsScreen.dart", "Dart", 0, 2, 0, 0, 0, 0, 0, 2
"c:\Users\User\Desktop\receive\linkspeak\lib\flares\flareBaseline.dart", "Dart", 0, 4, 0, 0, 0, 0, -1, 3
"c:\Users\User\Desktop\receive\linkspeak\lib\flares\flareComment.dart", "Dart", 0, 3, 0, 0, 0, 0, 0, 3
"c:\Users\User\Desktop\receive\linkspeak\lib\flares\flareCommentAlerts.dart", "Dart", 0, 1, 0, 0, 0, 0, 0, 1
"c:\Users\User\Desktop\receive\linkspeak\lib\flares\flareCommentLikesScreen.dart", "Dart", 0, -17, 0, 0, 0, 0, 0, -17
"c:\Users\User\Desktop\receive\linkspeak\lib\flares\flareCommentRepliesScreen.dart", "Dart", 0, 3, 0, 0, 0, 0, 0, 3
"c:\Users\User\Desktop\receive\linkspeak\lib\flares\flareComments.dart", "Dart", 0, 5, 0, 0, 0, 0, 1, 6
"c:\Users\User\Desktop\receive\linkspeak\lib\flares\flareHistory.dart", "Dart", 0, 6, 0, 0, 0, 0, 0, 6
"c:\Users\User\Desktop\receive\linkspeak\lib\flares\flareHistoryScreen.dart", "Dart", 0, 1, 0, 0, 0, 0, 0, 1
"c:\Users\User\Desktop\receive\linkspeak\lib\flares\flareLikeAlerts.dart", "Dart", 0, 1, 0, 0, 0, 0, 0, 1
"c:\Users\User\Desktop\receive\linkspeak\lib\flares\flareProfileScreen.dart", "Dart", 0, 8, 0, 0, 0, 0, 0, 8
"c:\Users\User\Desktop\receive\linkspeak\lib\flares\flareReply.dart", "Dart", 0, 3, 0, 0, 0, 0, 0, 3
"c:\Users\User\Desktop\receive\linkspeak\lib\flares\flareTabWidget.dart", "Dart", 0, 18, 0, 0, 0, 0, 0, 18
"c:\Users\User\Desktop\receive\linkspeak\lib\flares\flaresTab.dart", "Dart", 0, -12, 0, 0, 0, 0, 0, -12
"c:\Users\User\Desktop\receive\linkspeak\lib\flares\likedFlareScreen.dart", "Dart", 0, -4, 0, 0, 0, 0, 0, -4
"c:\Users\User\Desktop\receive\linkspeak\lib\flares\likedFlares.dart", "Dart", 0, -13, 0, 0, 0, 0, 0, -13
"c:\Users\User\Desktop\receive\linkspeak\lib\flares\newCollectionScreen.dart", "Dart", 0, 4, 0, 0, 0, 0, 1, 5
"c:\Users\User\Desktop\receive\linkspeak\lib\flares\newFlareComments.dart", "Dart", 0, 4, 0, 0, 0, 0, 0, 4
"c:\Users\User\Desktop\receive\linkspeak\lib\flares\newFlareLikes.dart", "Dart", 0, -9, 0, 0, 0, 0, 0, -9
"c:\Users\User\Desktop\receive\linkspeak\lib\flares\profileFlares.dart", "Dart", 0, 2, 0, 0, 0, 0, 0, 2
"c:\Users\User\Desktop\receive\linkspeak\lib\flares\singleFlareScreen.dart", "Dart", 0, 4, 0, 0, 0, 0, 0, 4
"c:\Users\User\Desktop\receive\linkspeak\lib\general.dart", "Dart", 0, 78, 0, 0, 0, 0, 9, 87
"c:\Users\User\Desktop\receive\linkspeak\lib\loading\profileSkeleton.dart", "Dart", 0, -33, 0, 0, 0, 0, 0, -33
"c:\Users\User\Desktop\receive\linkspeak\lib\main.dart", "Dart", 0, 1, 0, 0, 0, 2, -1, 2
"c:\Users\User\Desktop\receive\linkspeak\lib\providers\themeModel.dart", "Dart", 0, 40, 0, 0, 0, 0, 2, 42
"c:\Users\User\Desktop\receive\linkspeak\lib\screens\Feed.dart", "Dart", 0, 1, 0, 0, 0, 0, 0, 1
"c:\Users\User\Desktop\receive\linkspeak\lib\screens\LinkedNotifScreen.dart", "Dart", 0, 1, 0, 0, 0, 0, 0, 1
"c:\Users\User\Desktop\receive\linkspeak\lib\screens\LinksNotifScreen.dart", "Dart", 0, 1, 0, 0, 0, 0, 0, 1
"c:\Users\User\Desktop\receive\linkspeak\lib\screens\MyprofileScreen.dart", "Dart", 0, 4, 0, 0, 0, 0, 0, 4
"c:\Users\User\Desktop\receive\linkspeak\lib\screens\PostCommentsNotifScreen.dart", "Dart", 0, 1, 0, 0, 0, 0, 0, 1
"c:\Users\User\Desktop\receive\linkspeak\lib\screens\aboutScreen.dart", "Dart", 0, 2, 0, 0, 0, 0, 1, 3
"c:\Users\User\Desktop\receive\linkspeak\lib\screens\addPostScreen.dart", "Dart", 0, 33, 0, 0, 0, 0, -1, 32
"c:\Users\User\Desktop\receive\linkspeak\lib\screens\additionalDetails.dart", "Dart", 0, 2, 0, 0, 0, 0, 0, 2
"c:\Users\User\Desktop\receive\linkspeak\lib\screens\clubsTab.dart", "Dart", 0, 1, 0, 0, 0, 0, 0, 1
"c:\Users\User\Desktop\receive\linkspeak\lib\screens\commentHistoryScreen.dart", "Dart", 0, 2, 0, 0, 0, 0, 0, 2
"c:\Users\User\Desktop\receive\linkspeak\lib\screens\commentLikesScreen.dart", "Dart", 0, -4, 0, 0, 0, 0, 0, -4
"c:\Users\User\Desktop\receive\linkspeak\lib\screens\commentRepliesNotifScreen.dart", "Dart", 0, 1, 0, 0, 0, 0, 0, 1
"c:\Users\User\Desktop\receive\linkspeak\lib\screens\commentRepliesScreen.dart", "Dart", 0, 3, 0, 0, 0, 0, 0, 3
"c:\Users\User\Desktop\receive\linkspeak\lib\screens\customIconScreen.dart", "Dart", 0, -21, 0, 0, 0, 0, 0, -21
"c:\Users\User\Desktop\receive\linkspeak\lib\screens\customLocationScreen.dart", "Dart", 0, 14, 0, 0, 0, 0, 3, 17
"c:\Users\User\Desktop\receive\linkspeak\lib\screens\editProfile.dart", "Dart", 0, 27, 0, 0, 0, 0, 5, 32
"c:\Users\User\Desktop\receive\linkspeak\lib\screens\favClubPosts.dart", "Dart", 0, 1, 0, 0, 0, 0, 0, 1
"c:\Users\User\Desktop\receive\linkspeak\lib\screens\favUserPosts.dart", "Dart", 0, 1, 0, 0, 0, 0, 0, 1
"c:\Users\User\Desktop\receive\linkspeak\lib\screens\favoritePostsScreen.dart", "Dart", 0, 1, 0, 0, 0, 0, 0, 1
"c:\Users\User\Desktop\receive\linkspeak\lib\screens\feedScreen.dart", "Dart", 0, 4, 0, 0, 0, 0, 0, 4
"c:\Users\User\Desktop\receive\linkspeak\lib\screens\feedbackScreen.dart", "Dart", 0, -1, 0, 0, 0, 0, 0, -1
"c:\Users\User\Desktop\receive\linkspeak\lib\screens\finishSetup.dart", "Dart", 0, -3, 0, 0, 0, 0, 0, -3
"c:\Users\User\Desktop\receive\linkspeak\lib\screens\flareCommentHistoryScreen.dart", "Dart", 0, 1, 0, 0, 0, 0, 0, 1
"c:\Users\User\Desktop\receive\linkspeak\lib\screens\flareReplyHistoryScreen.dart", "Dart", 0, 1, 0, 0, 0, 0, 0, 1
"c:\Users\User\Desktop\receive\linkspeak\lib\screens\helpScreen.dart", "Dart", 0, 3, 0, 0, 0, 0, 0, 3
"c:\Users\User\Desktop\receive\linkspeak\lib\screens\likedClubPosts.dart", "Dart", 0, 1, 0, 0, 0, 0, 0, 1
"c:\Users\User\Desktop\receive\linkspeak\lib\screens\likedPostScreen.dart", "Dart", 0, 1, 0, 0, 0, 0, 0, 1
"c:\Users\User\Desktop\receive\linkspeak\lib\screens\likedUserPosts.dart", "Dart", 0, 1, 0, 0, 0, 0, 0, 1
"c:\Users\User\Desktop\receive\linkspeak\lib\screens\linkModeScreen.dart", "Dart", 0, 4, 0, 0, 0, 0, 0, 4
"c:\Users\User\Desktop\receive\linkspeak\lib\screens\linkRequestsScreen.dart", "Dart", 0, 2, 0, 0, 0, 0, 0, 2
"c:\Users\User\Desktop\receive\linkspeak\lib\screens\linkedToScreen.dart", "Dart", 0, 2, 0, 0, 0, 0, 0, 2
"c:\Users\User\Desktop\receive\linkspeak\lib\screens\linksScreen.dart", "Dart", 0, 2, 0, 0, 0, 0, 0, 2
"c:\Users\User\Desktop\receive\linkspeak\lib\screens\loginScreen.dart", "Dart", 0, 6, 0, 0, 0, -35, 1, -28
"c:\Users\User\Desktop\receive\linkspeak\lib\screens\mentionsScreen.dart", "Dart", 0, 1, 0, 0, 0, 0, 0, 1
"c:\Users\User\Desktop\receive\linkspeak\lib\screens\messagesTab.dart", "Dart", 0, 1, 0, 0, 0, 0, 0, 1
"c:\Users\User\Desktop\receive\linkspeak\lib\screens\myJoinedClubScreen.dart", "Dart", 0, 5, 0, 0, 0, 0, 0, 5
"c:\Users\User\Desktop\receive\linkspeak\lib\screens\noteScreen.dart", "Dart", 0, 2, 0, 0, 0, 0, 1, 3
"c:\Users\User\Desktop\receive\linkspeak\lib\screens\notificationScreen.dart", "Dart", 0, -10, 0, 0, 0, 0, 0, -10
"c:\Users\User\Desktop\receive\linkspeak\lib\screens\notificationSettingsScreen.dart", "Dart", 0, -34, 0, 0, 0, 0, 0, -34
"c:\Users\User\Desktop\receive\linkspeak\lib\screens\otherJoinedClubScreen.dart", "Dart", 0, 5, 0, 0, 0, 0, 0, 5
"c:\Users\User\Desktop\receive\linkspeak\lib\screens\otherProfileScreen.dart", "Dart", 0, 2, 0, 0, 0, 0, 1, 3
"c:\Users\User\Desktop\receive\linkspeak\lib\screens\pickAddressScreen.dart", "Dart", 0, 3, 0, 0, 0, 0, 0, 3
"c:\Users\User\Desktop\receive\linkspeak\lib\screens\placePostsScreen.dart", "Dart", 0, 1, 0, 0, 0, 0, 0, 1
"c:\Users\User\Desktop\receive\linkspeak\lib\screens\postCommentHistoryScreen.dart", "Dart", 0, 1, 0, 0, 0, 0, 0, 1
"c:\Users\User\Desktop\receive\linkspeak\lib\screens\postCommentReplyHistoryScreen.dart", "Dart", 0, 1, 0, 0, 0, 0, 0, 1
"c:\Users\User\Desktop\receive\linkspeak\lib\screens\postLikesNotifScreen.dart", "Dart", 0, 1, 0, 0, 0, 0, 0, 1
"c:\Users\User\Desktop\receive\linkspeak\lib\screens\postScreen.dart", "Dart", 0, -4, 0, 0, 0, 0, 0, -4
"c:\Users\User\Desktop\receive\linkspeak\lib\screens\privacyPolicyScreen.dart", "Dart", 0, -3, 0, 0, 0, 0, 0, -3
"c:\Users\User\Desktop\receive\linkspeak\lib\screens\replyHistoryScreen.dart", "Dart", 0, 2, 0, 0, 0, 0, 0, 2
"c:\Users\User\Desktop\receive\linkspeak\lib\screens\replyLikesScreen.dart", "Dart", 0, 1, 0, 0, 0, 0, 0, 1
"c:\Users\User\Desktop\receive\linkspeak\lib\screens\scanner.dart", "Dart", 0, 2, 0, 0, 0, 0, 0, 2
"c:\Users\User\Desktop\receive\linkspeak\lib\screens\searchScreen.dart", "Dart", 0, 5, 0, 0, 0, 0, 0, 5
"c:\Users\User\Desktop\receive\linkspeak\lib\screens\settingsScreen.dart", "Dart", 0, 14, 0, 0, 0, 0, 0, 14
"c:\Users\User\Desktop\receive\linkspeak\lib\screens\splashScreen.dart", "Dart", 0, 11, 0, 0, 0, 0, 0, 11
"c:\Users\User\Desktop\receive\linkspeak\lib\screens\termScreen.dart", "Dart", 0, 2, 0, 0, 0, 0, 0, 2
"c:\Users\User\Desktop\receive\linkspeak\lib\screens\themeScreen.dart", "Dart", 0, -57, 0, 0, 0, 0, 4, -53
"c:\Users\User\Desktop\receive\linkspeak\lib\theme_preference.dart", "Dart", 0, 24, 0, 0, 0, 1, 3, 28
"c:\Users\User\Desktop\receive\linkspeak\lib\widgets\alerts\linkedUsers.dart", "Dart", 0, 4, 0, 0, 0, 0, 0, 4
"c:\Users\User\Desktop\receive\linkspeak\lib\widgets\alerts\linkrequest.dart", "Dart", 0, 1, 0, 0, 0, 0, 0, 1
"c:\Users\User\Desktop\receive\linkspeak\lib\widgets\alerts\newComments.dart", "Dart", 0, 4, 0, 0, 0, 0, 0, 4
"c:\Users\User\Desktop\receive\linkspeak\lib\widgets\alerts\newLikes.dart", "Dart", 0, 4, 0, 0, 0, 0, 0, 4
"c:\Users\User\Desktop\receive\linkspeak\lib\widgets\alerts\newLinkedWith.dart", "Dart", 0, 4, 0, 0, 0, 0, 0, 4
"c:\Users\User\Desktop\receive\linkspeak\lib\widgets\alerts\newMentions.dart", "Dart", 0, 5, 0, 0, 0, 0, 0, 5
"c:\Users\User\Desktop\receive\linkspeak\lib\widgets\alerts\newReplies.dart", "Dart", 0, 4, 0, 0, 0, 0, 0, 4
"c:\Users\User\Desktop\receive\linkspeak\lib\widgets\auth\languagePicker.dart", "Dart", 0, 95, 0, 0, 0, 0, 7, 102
"c:\Users\User\Desktop\receive\linkspeak\lib\widgets\auth\linkModeDialog.dart", "Dart", 0, 1, 0, 0, 0, 0, -1, 0
"c:\Users\User\Desktop\receive\linkspeak\lib\widgets\auth\loginAuth.dart", "Dart", 0, -2, 0, 0, 0, 0, 0, -2
"c:\Users\User\Desktop\receive\linkspeak\lib\widgets\auth\loginThemeChanger.dart", "Dart", 0, 2, 0, 0, 0, 0, 1, 3
"c:\Users\User\Desktop\receive\linkspeak\lib\widgets\auth\registrationAuth.dart", "Dart", 0, 1, 0, 0, 0, 0, -1, 0
"c:\Users\User\Desktop\receive\linkspeak\lib\widgets\auth\registrationDialog.dart", "Dart", 0, 1, 0, 0, 0, 0, 0, 1
"c:\Users\User\Desktop\receive\linkspeak\lib\widgets\auth\reportDialog.dart", "Dart", 0, 3, 0, 0, 0, 0, 0, 3
"c:\Users\User\Desktop\receive\linkspeak\lib\widgets\chat\chatFlareWidget.dart", "Dart", 0, 8, 0, 0, 0, 0, 0, 8
"c:\Users\User\Desktop\receive\linkspeak\lib\widgets\chat\chatMenu.dart", "Dart", 0, 2, 0, 0, 0, 0, 0, 2
"c:\Users\User\Desktop\receive\linkspeak\lib\widgets\chat\chatMessages.dart", "Dart", 0, 3, 0, 0, 0, 0, 0, 3
"c:\Users\User\Desktop\receive\linkspeak\lib\widgets\chat\miniClubPost.dart", "Dart", 0, 7, 0, 0, 0, 0, 1, 8
"c:\Users\User\Desktop\receive\linkspeak\lib\widgets\chat\miniDescription.dart", "Dart", 0, -2, 0, 0, 0, 0, 0, -2
"c:\Users\User\Desktop\receive\linkspeak\lib\widgets\chat\miniPost.dart", "Dart", 0, 7, 0, 0, 0, 0, 1, 8
"c:\Users\User\Desktop\receive\linkspeak\lib\widgets\chat\sendButton.dart", "Dart", 0, 38, 0, 0, 0, 0, 0, 38
"c:\Users\User\Desktop\receive\linkspeak\lib\widgets\common\additionalAddressButton.dart", "Dart", 0, 2, 0, 0, 0, 0, 0, 2
"c:\Users\User\Desktop\receive\linkspeak\lib\widgets\common\load.dart", "Dart", 0, 4, 0, 0, 0, 0, 0, 4
"c:\Users\User\Desktop\receive\linkspeak\lib\widgets\common\myLinkify.dart", "Dart", 0, 1, 0, 0, 0, 0, 0, 1
"c:\Users\User\Desktop\receive\linkspeak\lib\widgets\common\peopleClubsBar.dart", "Dart", 0, 2, 0, 0, 0, 0, 0, 2
"c:\Users\User\Desktop\receive\linkspeak\lib\widgets\common\popUpMenuButton.dart", "Dart", 0, 3, 0, 0, 0, 0, 0, 3
"c:\Users\User\Desktop\receive\linkspeak\lib\widgets\common\sortationWidget.dart", "Dart", 0, 1, 0, 0, 0, 0, 0, 1
"c:\Users\User\Desktop\receive\linkspeak\lib\widgets\common\title.dart", "Dart", 0, -9, 0, 0, 0, 0, 0, -9
"c:\Users\User\Desktop\receive\linkspeak\lib\widgets\fullPost\addComment.dart", "Dart", 0, 5, 0, 0, 0, 0, 1, 6
"c:\Users\User\Desktop\receive\linkspeak\lib\widgets\fullPost\addReply.dart", "Dart", 0, 6, 0, 0, 0, 0, 1, 7
"c:\Users\User\Desktop\receive\linkspeak\lib\widgets\fullPost\comment.dart", "Dart", 0, 4, 0, 0, 0, 0, 0, 4
"c:\Users\User\Desktop\receive\linkspeak\lib\widgets\fullPost\commentPreview.dart", "Dart", 0, 5, 0, 0, 0, 0, 0, 5
"c:\Users\User\Desktop\receive\linkspeak\lib\widgets\fullPost\commentsView.dart", "Dart", 0, 5, 0, 0, 0, 0, 0, 5
"c:\Users\User\Desktop\receive\linkspeak\lib\widgets\fullPost\fullPost.dart", "Dart", 0, 5, 0, 0, 0, 0, 0, 5
"c:\Users\User\Desktop\receive\linkspeak\lib\widgets\fullPost\likesView.dart", "Dart", 0, 2, 0, 0, 0, 0, 0, 2
"c:\Users\User\Desktop\receive\linkspeak\lib\widgets\fullPost\replyTile.dart", "Dart", 0, 3, 0, 0, 0, 0, 0, 3
"c:\Users\User\Desktop\receive\linkspeak\lib\widgets\fullPost\sensitiveComment.dart", "Dart", 0, -18, 0, 0, 0, 0, 0, -18
"c:\Users\User\Desktop\receive\linkspeak\lib\widgets\fullPost\shareView.dart", "Dart", 0, 2, 0, 0, 0, 0, 0, 2
"c:\Users\User\Desktop\receive\linkspeak\lib\widgets\fullPost\topicsView..dart", "Dart", 0, 2, 0, 0, 0, 0, 0, 2
"c:\Users\User\Desktop\receive\linkspeak\lib\widgets\home\bottomNavBar.dart", "Dart", 0, -33, 0, 0, 0, 0, 0, -33
"c:\Users\User\Desktop\receive\linkspeak\lib\widgets\home\notificationButton.dart", "Dart", 0, 2, 0, 0, 0, 0, 0, 2
"c:\Users\User\Desktop\receive\linkspeak\lib\widgets\home\pauseButton.dart", "Dart", 0, 2, 0, 0, 0, 0, 0, 2
"c:\Users\User\Desktop\receive\linkspeak\lib\widgets\home\playButton.dart", "Dart", 0, 2, 0, 0, 0, 0, 0, 2
"c:\Users\User\Desktop\receive\linkspeak\lib\widgets\home\reverseButton.dart", "Dart", 0, 2, 0, 0, 0, 0, 0, 2
"c:\Users\User\Desktop\receive\linkspeak\lib\widgets\home\searchButton.dart", "Dart", 0, 4, 0, 0, 0, 0, 0, 4
"c:\Users\User\Desktop\receive\linkspeak\lib\widgets\home\startButton.dart", "Dart", 0, 2, 0, 0, 0, 0, 0, 2
"c:\Users\User\Desktop\receive\linkspeak\lib\widgets\home\stopButton.dart", "Dart", 0, 2, 0, 0, 0, 0, 0, 2
"c:\Users\User\Desktop\receive\linkspeak\lib\widgets\misc\ads.dart", "Dart", 0, 3, 0, 0, 0, 0, 0, 3
"c:\Users\User\Desktop\receive\linkspeak\lib\widgets\misc\historyFutureBuilder.dart", "Dart", 0, 10, 0, 0, 0, 0, 0, 10
"c:\Users\User\Desktop\receive\linkspeak\lib\widgets\misc\historyTileItem.dart", "Dart", 0, 4, 0, 0, 0, 0, 0, 4
"c:\Users\User\Desktop\receive\linkspeak\lib\widgets\misc\searchTabBar.dart", "Dart", 0, -28, 0, 0, 0, 0, 0, -28
"c:\Users\User\Desktop\receive\linkspeak\lib\widgets\misc\suggestedWidget.dart", "Dart", 0, 1, 0, 0, 0, 0, 0, 1
"c:\Users\User\Desktop\receive\linkspeak\lib\widgets\misc\titleButton.dart", "Dart", 0, 9, 0, 0, 0, 0, 0, 9
"c:\Users\User\Desktop\receive\linkspeak\lib\widgets\misc\userResult.dart", "Dart", 0, -14, 0, 0, 0, 0, 0, -14
"c:\Users\User\Desktop\receive\linkspeak\lib\widgets\places\placeList.dart", "Dart", 0, 2, 0, 0, 0, 0, 0, 2
"c:\Users\User\Desktop\receive\linkspeak\lib\widgets\post\backsideMap.dart", "Dart", 0, 1, 0, 0, 0, 0, 0, 1
"c:\Users\User\Desktop\receive\linkspeak\lib\widgets\post\backsideTopics.dart", "Dart", 0, 1, 0, 0, 0, 0, 0, 1
"c:\Users\User\Desktop\receive\linkspeak\lib\widgets\post\boardPostWidget.dart", "Dart", 0, 2, 0, 0, 0, 0, 1, 3
"c:\Users\User\Desktop\receive\linkspeak\lib\widgets\post\boardSections.dart", "Dart", 0, 9, 0, 0, 0, 0, 1, 10
"c:\Users\User\Desktop\receive\linkspeak\lib\widgets\post\branchPostWidget.dart", "Dart", 0, 2, 0, 0, 0, 0, 1, 3
"c:\Users\User\Desktop\receive\linkspeak\lib\widgets\post\postBackside.dart", "Dart", 0, -10, 0, 0, 0, 0, 0, -10
"c:\Users\User\Desktop\receive\linkspeak\lib\widgets\post\postBaseline.dart", "Dart", 0, 1, 0, 0, 0, 0, 0, 1
"c:\Users\User\Desktop\receive\linkspeak\lib\widgets\post\postWidget.dart", "Dart", 0, 2, 0, 0, 0, 1, 0, 3
"c:\Users\User\Desktop\receive\linkspeak\lib\widgets\post\postWidgetButton.dart", "Dart", 0, 3, 0, 0, 0, 0, 0, 3
"c:\Users\User\Desktop\receive\linkspeak\lib\widgets\post\postWidgetCarouselStamp.dart", "Dart", 0, 3, 0, 0, 0, 0, 0, 3
"c:\Users\User\Desktop\receive\linkspeak\lib\widgets\post\sensitiveBanner.dart", "Dart", 0, 1, 0, 0, 0, 0, 0, 1
"c:\Users\User\Desktop\receive\linkspeak\lib\widgets\profile\deleteProfileButton.dart", "Dart", 0, 3, 0, 0, 0, 0, 0, 3
"c:\Users\User\Desktop\receive\linkspeak\lib\widgets\profile\linkButton.dart", "Dart", 0, 2, 0, 0, 0, 0, 0, 2
"c:\Users\User\Desktop\receive\linkspeak\lib\widgets\profile\myLinked.dart", "Dart", 0, 1, 0, 0, 0, 0, 0, 1
"c:\Users\User\Desktop\receive\linkspeak\lib\widgets\profile\myLinks.dart", "Dart", 0, 1, 0, 0, 0, 0, 0, 1
"c:\Users\User\Desktop\receive\linkspeak\lib\widgets\profile\myPostsTab.dart", "Dart", 0, 2, 0, 0, 0, 0, 0, 2
"c:\Users\User\Desktop\receive\linkspeak\lib\widgets\profile\myProfileBanner.dart", "Dart", 0, 3, 0, 0, 0, 0, 0, 3
"c:\Users\User\Desktop\receive\linkspeak\lib\widgets\profile\otherLinked.dart", "Dart", 0, 4, 0, 0, 0, 0, 0, 4
"c:\Users\User\Desktop\receive\linkspeak\lib\widgets\profile\otherLinks.dart", "Dart", 0, 4, 0, 0, 0, 0, 0, 4
"c:\Users\User\Desktop\receive\linkspeak\lib\widgets\profile\otherPostTab.dart", "Dart", 0, 2, 0, 0, 0, 0, 0, 2
"c:\Users\User\Desktop\receive\linkspeak\lib\widgets\profile\profileBackAddress.dart", "Dart", 0, 2, 0, 0, 0, 0, 0, 2
"c:\Users\User\Desktop\receive\linkspeak\lib\widgets\profile\profileBackLink.dart", "Dart", 0, 2, 0, 0, 0, 0, 0, 2
"c:\Users\User\Desktop\receive\linkspeak\lib\widgets\profile\profileBackside.dart", "Dart", 0, 4, 0, 0, 0, 0, 0, 4
"c:\Users\User\Desktop\receive\linkspeak\lib\widgets\profile\profileBox.dart", "Dart", 0, 5, 0, 0, 0, 0, 0, 5
"c:\Users\User\Desktop\receive\linkspeak\lib\widgets\profile\profileSensitiveBanner.dart", "Dart", 0, -10, 0, 0, 0, 0, 0, -10
"c:\Users\User\Desktop\receive\linkspeak\lib\widgets\profile\profileTabBar.dart", "Dart", 0, 1, 0, 0, 0, 0, 0, 1
"c:\Users\User\Desktop\receive\linkspeak\lib\widgets\profile\topicsTab.dart", "Dart", 0, 5, 0, 0, 0, 0, 0, 5
"c:\Users\User\Desktop\receive\linkspeak\lib\widgets\settings\privacyPolicy.dart", "Dart", 0, -226, 0, 0, 0, 0, -91, -317
"c:\Users\User\Desktop\receive\linkspeak\lib\widgets\settings\switchSheet.dart", "Dart", 0, 7, 0, 0, 0, 0, 0, 7
"c:\Users\User\Desktop\receive\linkspeak\lib\widgets\settings\terms.dart", "Dart", 0, -340, 0, 0, 0, 0, -58, -398
"c:\Users\User\Desktop\receive\linkspeak\lib\widgets\share\shareTile.dart", "Dart", 0, 23, 0, 0, 0, 0, 1, 24
"c:\Users\User\Desktop\receive\linkspeak\lib\widgets\share\shareWidget.dart", "Dart", 0, 1, 0, 0, 0, 0, 0, 1
"c:\Users\User\Desktop\receive\linkspeak\lib\widgets\snackbar\blockSnack.dart", "Dart", 0, -10, 0, 0, 0, 0, 0, -10
"c:\Users\User\Desktop\receive\linkspeak\lib\widgets\snackbar\deleteSnack.dart", "Dart", 0, -8, 0, 0, 0, 0, 0, -8
"c:\Users\User\Desktop\receive\linkspeak\lib\widgets\snackbar\hiddenPostSnack.dart", "Dart", 0, 2, 0, 0, 0, 0, 0, 2
"c:\Users\User\Desktop\receive\linkspeak\lib\widgets\snackbar\removedSnack.dart", "Dart", 0, -8, 0, 0, 0, 0, 0, -8
"c:\Users\User\Desktop\receive\linkspeak\lib\widgets\snackbar\reportSnack.dart", "Dart", 0, -10, 0, 0, 0, 0, 0, -10
"c:\Users\User\Desktop\receive\linkspeak\lib\widgets\snackbar\visSnack.dart", "Dart", 0, 1, 0, 0, 0, 0, 0, 1
"c:\Users\User\Desktop\receive\linkspeak\lib\widgets\topics\addTopic.dart", "Dart", 0, 2, 0, 0, 0, 0, 1, 3
"c:\Users\User\Desktop\receive\linkspeak\lib\widgets\topics\topicList.dart", "Dart", 0, 2, 0, 0, 0, 0, 0, 2
"c:\Users\User\Desktop\receive\linkspeak\pubspec.yaml", "YAML", -2, 0, 0, 0, 0, 0, 0, -2
"Total", "-", 16, 5897, -1, -119, 59, -22, 570, 6400