"filename", "language", "JSON", "C++", "Dart", "CSS", "YAML", "Swift", "Markdown", "XML", "HTML", "JavaScript", "Groovy", "Properties", "Java", "comment", "blank", "total"
"c:\Users\User\Desktop\receive\linkspeak\README.md", "Markdown", 0, 0, 0, 0, 0, 0, 13, 0, 0, 0, 0, 0, 0, 0, 6, 19
"c:\Users\User\Desktop\receive\linkspeak\analysis_options.yaml", "YAML", 0, 0, 0, 0, 2, 0, 0, 0, 0, 0, 0, 0, 0, 24, 4, 30
"c:\Users\User\Desktop\receive\linkspeak\android\app\build.gradle", "Groovy", 0, 0, 0, 0, 0, 0, 0, 0, 0, 0, 71, 0, 0, 7, 14, 92
"c:\Users\User\Desktop\receive\linkspeak\android\app\google-services.json", "JSON", 146, 0, 0, 0, 0, 0, 0, 0, 0, 0, 0, 0, 0, 0, 0, 146
"c:\Users\User\Desktop\receive\linkspeak\android\app\src\debug\AndroidManifest.xml", "XML", 0, 0, 0, 0, 0, 0, 0, 4, 0, 0, 0, 0, 0, 3, 1, 8
"c:\Users\User\Desktop\receive\linkspeak\android\app\src\main\AndroidManifest.xml", "XML", 0, 0, 0, 0, 0, 0, 0, 87, 0, 0, 0, 0, 0, 0, 2, 89
"c:\Users\User\Desktop\receive\linkspeak\android\app\src\main\java\com\linkspeak\techlr\MainActivity.java", "Java", 0, 0, 0, 0, 0, 0, 0, 0, 0, 0, 0, 0, 17, 0, 3, 20
"c:\Users\User\Desktop\receive\linkspeak\android\app\src\main\java\com\linkspeak\techlr\NativeAdFactoryExample.java", "Java", 0, 0, 0, 0, 0, 0, 0, 0, 0, 0, 0, 0, 77, 7, 16, 100
"c:\Users\User\Desktop\receive\linkspeak\android\app\src\main\res\drawable-v21\launch_background.xml", "XML", 0, 0, 0, 0, 0, 0, 0, 9, 0, 0, 0, 0, 0, 0, 0, 9
"c:\Users\User\Desktop\receive\linkspeak\android\app\src\main\res\drawable\launch_background.xml", "XML", 0, 0, 0, 0, 0, 0, 0, 9, 0, 0, 0, 0, 0, 0, 0, 9
"c:\Users\User\Desktop\receive\linkspeak\android\app\src\main\res\layout\my_native_ad.xml", "XML", 0, 0, 0, 0, 0, 0, 0, 114, 0, 0, 0, 0, 0, 0, 17, 131
"c:\Users\User\Desktop\receive\linkspeak\android\app\src\main\res\values-night\styles.xml", "XML", 0, 0, 0, 0, 0, 0, 0, 10, 0, 0, 0, 0, 0, 9, 0, 19
"c:\Users\User\Desktop\receive\linkspeak\android\app\src\main\res\values-v31\styles.xml", "XML", 0, 0, 0, 0, 0, 0, 0, 10, 0, 0, 0, 0, 0, 7, 0, 17
"c:\Users\User\Desktop\receive\linkspeak\android\app\src\main\res\values\strings.xml", "XML", 0, 0, 0, 0, 0, 0, 0, 5, 0, 0, 0, 0, 0, 0, 0, 5
"c:\Users\User\Desktop\receive\linkspeak\android\app\src\main\res\values\styles.xml", "XML", 0, 0, 0, 0, 0, 0, 0, 10, 0, 0, 0, 0, 0, 9, 0, 19
"c:\Users\User\Desktop\receive\linkspeak\android\app\src\main\res\xml\filepaths.xml", "XML", 0, 0, 0, 0, 0, 0, 0, 4, 0, 0, 0, 0, 0, 0, 0, 4
"c:\Users\User\Desktop\receive\linkspeak\android\app\src\main\res\xml\network_security_config.xml", "XML", 0, 0, 0, 0, 0, 0, 0, 12, 0, 0, 0, 0, 0, 0, 0, 12
"c:\Users\User\Desktop\receive\linkspeak\android\app\src\profile\AndroidManifest.xml", "XML", 0, 0, 0, 0, 0, 0, 0, 4, 0, 0, 0, 0, 0, 3, 1, 8
"c:\Users\User\Desktop\receive\linkspeak\android\build.gradle", "Groovy", 0, 0, 0, 0, 0, 0, 0, 0, 0, 0, 30, 0, 0, 0, 5, 35
"c:\Users\User\Desktop\receive\linkspeak\android\gradle.properties", "Properties", 0, 0, 0, 0, 0, 0, 0, 0, 0, 0, 0, 3, 0, 1, 1, 5
"c:\Users\User\Desktop\receive\linkspeak\android\gradle\wrapper\gradle-wrapper.properties", "Properties", 0, 0, 0, 0, 0, 0, 0, 0, 0, 0, 0, 5, 0, 1, 1, 7
"c:\Users\User\Desktop\receive\linkspeak\android\settings.gradle", "Groovy", 0, 0, 0, 0, 0, 0, 0, 0, 0, 0, 8, 0, 0, 0, 4, 12
"c:\Users\User\Desktop\receive\linkspeak\android\settings_aar.gradle", "Groovy", 0, 0, 0, 0, 0, 0, 0, 0, 0, 0, 1, 0, 0, 0, 1, 2
"c:\Users\User\Desktop\receive\linkspeak\assets\images\endgame.svg", "XML", 0, 0, 0, 0, 0, 0, 0, 63, 0, 0, 0, 0, 0, 0, 0, 63
"c:\Users\User\Desktop\receive\linkspeak\assets\images\noposts.svg", "XML", 0, 0, 0, 0, 0, 0, 0, 1, 0, 0, 0, 0, 0, 0, 0, 1
"c:\Users\User\Desktop\receive\linkspeak\firebase.json", "JSON", 13, 0, 0, 0, 0, 0, 0, 0, 0, 0, 0, 0, 0, 10, 0, 23
"c:\Users\User\Desktop\receive\linkspeak\flutter_native_splash.yaml", "YAML", 0, 0, 0, 0, 4, 0, 0, 0, 0, 0, 0, 0, 0, 0, 1, 5
"c:\Users\User\Desktop\receive\linkspeak\functions\.eslintrc.js", "JavaScript", 0, 0, 0, 0, 0, 0, 0, 0, 0, 14, 0, 0, 0, 0, 1, 15
"c:\Users\User\Desktop\receive\linkspeak\functions\index.js", "JavaScript", 0, 0, 0, 0, 0, 0, 0, 0, 0, 81, 0, 0, 0, 0, 1, 82
"c:\Users\User\Desktop\receive\linkspeak\functions\package-lock.json", "JSON", 2652, 0, 0, 0, 0, 0, 0, 0, 0, 0, 0, 0, 0, 0, 1, 2653
"c:\Users\User\Desktop\receive\linkspeak\functions\package.json", "JSON", 26, 0, 0, 0, 0, 0, 0, 0, 0, 0, 0, 0, 0, 0, 1, 27
"c:\Users\User\Desktop\receive\linkspeak\ios\Runner\AppDelegate.swift", "Swift", 0, 0, 0, 0, 0, 31, 0, 0, 0, 0, 0, 0, 0, 2, 12, 45
"c:\Users\User\Desktop\receive\linkspeak\ios\Runner\Assets.xcassets\AppIcon.appiconset\Contents.json", "JSON", 122, 0, 0, 0, 0, 0, 0, 0, 0, 0, 0, 0, 0, 0, 1, 123
"c:\Users\User\Desktop\receive\linkspeak\ios\Runner\Assets.xcassets\BrandingImage.imageset\Contents.json", "JSON", 23, 0, 0, 0, 0, 0, 0, 0, 0, 0, 0, 0, 0, 0, 1, 24
"c:\Users\User\Desktop\receive\linkspeak\ios\Runner\Assets.xcassets\LaunchBackground.imageset\Contents.json", "JSON", 21, 0, 0, 0, 0, 0, 0, 0, 0, 0, 0, 0, 0, 0, 1, 22
"c:\Users\User\Desktop\receive\linkspeak\ios\Runner\Assets.xcassets\LaunchImage.imageset\Contents.json", "JSON", 23, 0, 0, 0, 0, 0, 0, 0, 0, 0, 0, 0, 0, 0, 1, 24
"c:\Users\User\Desktop\receive\linkspeak\ios\Runner\Assets.xcassets\LaunchImage.imageset\README.md", "Markdown", 0, 0, 0, 0, 0, 0, 3, 0, 0, 0, 0, 0, 0, 0, 2, 5
"c:\Users\User\Desktop\receive\linkspeak\ios\Runner\Base.lproj\LaunchScreen.storyboard", "XML", 0, 0, 0, 0, 0, 0, 0, 43, 0, 0, 0, 0, 0, 1, 0, 44
"c:\Users\User\Desktop\receive\linkspeak\ios\Runner\Base.lproj\Main.storyboard", "XML", 0, 0, 0, 0, 0, 0, 0, 25, 0, 0, 0, 0, 0, 1, 1, 27
"c:\Users\User\Desktop\receive\linkspeak\ios\Runner\FLTGoogleMobileAdsPlugin.h", "C++", 0, 3, 0, 0, 0, 0, 0, 0, 0, 0, 0, 0, 0, 6, 4, 13
"c:\Users\User\Desktop\receive\linkspeak\ios\Runner\NativeAdView.xib", "XML", 0, 0, 0, 0, 0, 0, 0, 149, 0, 0, 0, 0, 0, 0, 0, 149
"c:\Users\User\Desktop\receive\linkspeak\ios\Runner\Runner-Bridging-Header.h", "C++", 0, 1, 0, 0, 0, 0, 0, 0, 0, 0, 0, 0, 0, 0, 1, 2
"c:\Users\User\Desktop\receive\linkspeak\ios\Runner\UnifiedNativeAdView.xib", "XML", 0, 0, 0, 0, 0, 0, 0, 95, 0, 0, 0, 0, 0, 0, 0, 95
"c:\Users\User\Desktop\receive\linkspeak\ios\firebase_app_id_file.json", "JSON", 7, 0, 0, 0, 0, 0, 0, 0, 0, 0, 0, 0, 0, 0, 0, 7
"c:\Users\User\Desktop\receive\linkspeak\lib\admin\generalAdmin.dart", "Dart", 0, 0, 51, 0, 0, 0, 0, 0, 0, 0, 0, 0, 0, 0, 4, 55
"c:\Users\User\Desktop\receive\linkspeak\lib\admin\screens\adminFeeedbackScreen.dart", "Dart", 0, 0, 125, 0, 0, 0, 0, 0, 0, 0, 0, 0, 0, 0, 9, 134
"c:\Users\User\Desktop\receive\linkspeak\lib\admin\screens\allPostsScreen.dart", "Dart", 0, 0, 84, 0, 0, 0, 0, 0, 0, 0, 0, 0, 0, 0, 8, 92
"c:\Users\User\Desktop\receive\linkspeak\lib\admin\screens\allUserClubsScreen.dart", "Dart", 0, 0, 166, 0, 0, 0, 0, 0, 0, 0, 0, 0, 0, 0, 11, 177
"c:\Users\User\Desktop\receive\linkspeak\lib\admin\screens\archiveFindScreen.dart", "Dart", 0, 0, 174, 0, 0, 0, 0, 0, 0, 0, 0, 0, 0, 0, 12, 186
"c:\Users\User\Desktop\receive\linkspeak\lib\admin\screens\archiveItemsScreen.dart", "Dart", 0, 0, 328, 0, 0, 0, 0, 0, 0, 0, 0, 0, 0, 0, 17, 345
"c:\Users\User\Desktop\receive\linkspeak\lib\admin\screens\controlDailyDetails.dart", "Dart", 0, 0, 41, 0, 0, 0, 0, 0, 0, 0, 0, 0, 0, 0, 4, 45
"c:\Users\User\Desktop\receive\linkspeak\lib\admin\screens\controlDailyLoginSearch.dart", "Dart", 0, 0, 177, 0, 0, 0, 0, 0, 0, 0, 0, 0, 0, 0, 9, 186
"c:\Users\User\Desktop\receive\linkspeak\lib\admin\screens\controlDailyLogins.dart", "Dart", 0, 0, 63, 0, 0, 0, 0, 0, 0, 0, 0, 0, 0, 0, 4, 67
"c:\Users\User\Desktop\receive\linkspeak\lib\admin\screens\controlDailyScreen.dart", "Dart", 0, 0, 76, 0, 0, 0, 0, 0, 0, 0, 0, 0, 0, 0, 8, 84
"c:\Users\User\Desktop\receive\linkspeak\lib\admin\screens\controlDayScreen.dart", "Dart", 0, 0, 108, 0, 0, 0, 0, 0, 0, 0, 0, 0, 0, 0, 8, 116
"c:\Users\User\Desktop\receive\linkspeak\lib\admin\screens\findScreen.dart", "Dart", 0, 0, 328, 0, 0, 0, 0, 0, 0, 0, 0, 0, 0, 1, 11, 340
"c:\Users\User\Desktop\receive\linkspeak\lib\admin\screens\generalControlScreen.dart", "Dart", 0, 0, 76, 0, 0, 0, 0, 0, 0, 0, 0, 0, 0, 0, 9, 85
"c:\Users\User\Desktop\receive\linkspeak\lib\admin\screens\generalItemsScreen.dart", "Dart", 0, 0, 102, 0, 0, 0, 0, 0, 0, 0, 0, 0, 0, 0, 8, 110
"c:\Users\User\Desktop\receive\linkspeak\lib\admin\screens\mainAdminScreen.dart", "Dart", 0, 0, 320, 0, 0, 0, 0, 0, 0, 0, 0, 0, 0, 0, 7, 327
"c:\Users\User\Desktop\receive\linkspeak\lib\admin\screens\mainArchiveScreen.dart", "Dart", 0, 0, 218, 0, 0, 0, 0, 0, 0, 0, 0, 0, 0, 0, 4, 222
"c:\Users\User\Desktop\receive\linkspeak\lib\admin\screens\mainControlScreen.dart", "Dart", 0, 0, 45, 0, 0, 0, 0, 0, 0, 0, 0, 0, 0, 0, 4, 49
"c:\Users\User\Desktop\receive\linkspeak\lib\admin\screens\mainProfanityScreen.dart", "Dart", 0, 0, 186, 0, 0, 0, 0, 0, 0, 0, 0, 0, 0, 0, 4, 190
"c:\Users\User\Desktop\receive\linkspeak\lib\admin\screens\newFlaresScreen.dart", "Dart", 0, 0, 193, 0, 0, 0, 0, 0, 0, 0, 0, 0, 0, 0, 11, 204
"c:\Users\User\Desktop\receive\linkspeak\lib\admin\screens\profanityItemsScreen.dart", "Dart", 0, 0, 273, 0, 0, 0, 0, 0, 0, 0, 0, 0, 0, 1, 13, 287
"c:\Users\User\Desktop\receive\linkspeak\lib\admin\screens\userCollectionDocsScreen.dart", "Dart", 0, 0, 64, 0, 0, 0, 0, 0, 0, 0, 0, 0, 0, 0, 5, 69
"c:\Users\User\Desktop\receive\linkspeak\lib\admin\screens\userDailyCollectionsScreen.dart", "Dart", 0, 0, 187, 0, 0, 0, 0, 0, 0, 0, 0, 0, 0, 0, 9, 196
"c:\Users\User\Desktop\receive\linkspeak\lib\admin\screens\userDailyDetailsScreen.dart", "Dart", 0, 0, 44, 0, 0, 0, 0, 0, 0, 0, 0, 0, 0, 0, 4, 48
"c:\Users\User\Desktop\receive\linkspeak\lib\admin\screens\userDailyScreen.dart", "Dart", 0, 0, 100, 0, 0, 0, 0, 0, 0, 0, 0, 0, 0, 0, 7, 107
"c:\Users\User\Desktop\receive\linkspeak\lib\admin\widgets\All Posts\allPostsTab.dart", "Dart", 0, 0, 226, 0, 0, 0, 0, 0, 0, 0, 0, 0, 0, 8, 12, 246
"c:\Users\User\Desktop\receive\linkspeak\lib\admin\widgets\Archives\archiveFindButton.dart", "Dart", 0, 0, 22, 0, 0, 0, 0, 0, 0, 0, 0, 0, 0, 0, 4, 26
"c:\Users\User\Desktop\receive\linkspeak\lib\admin\widgets\Archives\archiveWidget.dart", "Dart", 0, 0, 32, 0, 0, 0, 0, 0, 0, 0, 0, 0, 0, 0, 4, 36
"c:\Users\User\Desktop\receive\linkspeak\lib\admin\widgets\Finders\findFAB.dart", "Dart", 0, 0, 22, 0, 0, 0, 0, 0, 0, 0, 0, 0, 0, 0, 4, 26
"c:\Users\User\Desktop\receive\linkspeak\lib\admin\widgets\Finders\findField.dart", "Dart", 0, 0, 57, 0, 0, 0, 0, 0, 0, 0, 0, 0, 0, 1, 2, 60
"c:\Users\User\Desktop\receive\linkspeak\lib\admin\widgets\Generals\generalTab.dart", "Dart", 0, 0, 266, 0, 0, 0, 0, 0, 0, 0, 0, 0, 0, 0, 12, 278
"c:\Users\User\Desktop\receive\linkspeak\lib\admin\widgets\Generals\generalTabBar.dart", "Dart", 0, 0, 33, 0, 0, 0, 0, 0, 0, 0, 0, 0, 0, 0, 3, 36
"c:\Users\User\Desktop\receive\linkspeak\lib\admin\widgets\Generals\generalTabs.dart", "Dart", 0, 0, 150, 0, 0, 0, 0, 0, 0, 0, 0, 0, 0, 0, 6, 156
"c:\Users\User\Desktop\receive\linkspeak\lib\admin\widgets\Generals\generalWidget.dart", "Dart", 0, 0, 266, 0, 0, 0, 0, 0, 0, 0, 0, 0, 0, 0, 7, 273
"c:\Users\User\Desktop\receive\linkspeak\lib\admin\widgets\Misc\adminFAB.dart", "Dart", 0, 0, 20, 0, 0, 0, 0, 0, 0, 0, 0, 0, 0, 0, 3, 23
"c:\Users\User\Desktop\receive\linkspeak\lib\admin\widgets\Misc\banDialog.dart", "Dart", 0, 0, 234, 0, 0, 0, 0, 0, 0, 0, 0, 0, 0, 0, 10, 244
"c:\Users\User\Desktop\receive\linkspeak\lib\admin\widgets\Misc\docDetailsDialog.dart", "Dart", 0, 0, 127, 0, 0, 0, 0, 0, 0, 0, 0, 0, 0, 0, 4, 131
"c:\Users\User\Desktop\receive\linkspeak\lib\admin\widgets\Misc\navigationTile.dart", "Dart", 0, 0, 16, 0, 0, 0, 0, 0, 0, 0, 0, 0, 0, 0, 3, 19
"c:\Users\User\Desktop\receive\linkspeak\lib\admin\widgets\Misc\prohibitDialog.dart", "Dart", 0, 0, 220, 0, 0, 0, 0, 0, 0, 0, 0, 0, 0, 0, 10, 230
"c:\Users\User\Desktop\receive\linkspeak\lib\admin\widgets\Profanity\profanityWidget.dart", "Dart", 0, 0, 166, 0, 0, 0, 0, 0, 0, 0, 0, 0, 0, 0, 4, 170
"c:\Users\User\Desktop\receive\linkspeak\lib\clubs\adminItem.dart", "Dart", 0, 0, 253, 0, 0, 0, 0, 0, 0, 0, 0, 0, 0, 0, 11, 264
"c:\Users\User\Desktop\receive\linkspeak\lib\clubs\adminsScreen.dart", "Dart", 0, 0, 256, 0, 0, 0, 0, 0, 0, 0, 0, 0, 0, 0, 11, 267
"c:\Users\User\Desktop\receive\linkspeak\lib\clubs\assignAdminScreen.dart", "Dart", 0, 0, 256, 0, 0, 0, 0, 0, 0, 0, 0, 0, 0, 0, 10, 266
"c:\Users\User\Desktop\receive\linkspeak\lib\clubs\banItem.dart", "Dart", 0, 0, 282, 0, 0, 0, 0, 0, 0, 0, 0, 0, 0, 0, 11, 293
"c:\Users\User\Desktop\receive\linkspeak\lib\clubs\banMemberScreen.dart", "Dart", 0, 0, 255, 0, 0, 0, 0, 0, 0, 0, 0, 0, 0, 0, 10, 265
"c:\Users\User\Desktop\receive\linkspeak\lib\clubs\clubAboutTab.dart", "Dart", 0, 0, 89, 0, 0, 0, 0, 0, 0, 0, 0, 0, 0, 0, 4, 93
"c:\Users\User\Desktop\receive\linkspeak\lib\clubs\clubAlertsScreen.dart", "Dart", 0, 0, 233, 0, 0, 0, 0, 0, 0, 0, 0, 0, 0, 0, 10, 243
"c:\Users\User\Desktop\receive\linkspeak\lib\clubs\clubAvatar.dart", "Dart", 0, 0, 110, 0, 0, 0, 0, 0, 0, 0, 0, 0, 0, 0, 10, 120
"c:\Users\User\Desktop\receive\linkspeak\lib\clubs\clubBannedScreen.dart", "Dart", 0, 0, 277, 0, 0, 0, 0, 0, 0, 0, 0, 0, 0, 0, 11, 288
"c:\Users\User\Desktop\receive\linkspeak\lib\clubs\clubBanner.dart", "Dart", 0, 0, 486, 0, 0, 0, 0, 0, 0, 0, 0, 0, 0, 7, 9, 502
"c:\Users\User\Desktop\receive\linkspeak\lib\clubs\clubCenterScreen.dart", "Dart", 0, 0, 285, 0, 0, 0, 0, 0, 0, 0, 0, 0, 0, 0, 10, 295
"c:\Users\User\Desktop\receive\linkspeak\lib\clubs\clubJoinButton.dart", "Dart", 0, 0, 316, 0, 0, 0, 0, 0, 0, 0, 0, 0, 0, 0, 10, 326
"c:\Users\User\Desktop\receive\linkspeak\lib\clubs\clubJoinRequest.dart", "Dart", 0, 0, 220, 0, 0, 0, 0, 0, 0, 0, 0, 0, 0, 0, 9, 229
"c:\Users\User\Desktop\receive\linkspeak\lib\clubs\clubMemberScreen.dart", "Dart", 0, 0, 332, 0, 0, 0, 0, 0, 0, 0, 0, 0, 0, 0, 11, 343
"c:\Users\User\Desktop\receive\linkspeak\lib\clubs\clubPostsTab.dart", "Dart", 0, 0, 483, 0, 0, 0, 0, 0, 0, 0, 0, 0, 0, 2, 14, 499
"c:\Users\User\Desktop\receive\linkspeak\lib\clubs\clubQRcode.dart", "Dart", 0, 0, 16, 0, 0, 0, 0, 0, 0, 0, 0, 0, 0, 0, 3, 19
"c:\Users\User\Desktop\receive\linkspeak\lib\clubs\clubRequestsScreen.dart", "Dart", 0, 0, 188, 0, 0, 0, 0, 0, 0, 0, 0, 0, 0, 2, 9, 199
"c:\Users\User\Desktop\receive\linkspeak\lib\clubs\clubScreen.dart", "Dart", 0, 0, 708, 0, 0, 0, 0, 0, 0, 0, 0, 0, 0, 4, 19, 731
"c:\Users\User\Desktop\receive\linkspeak\lib\clubs\clubSensitiveBanner.dart", "Dart", 0, 0, 43, 0, 0, 0, 0, 0, 0, 0, 0, 0, 0, 0, 5, 48
"c:\Users\User\Desktop\receive\linkspeak\lib\clubs\clubTabBar.dart", "Dart", 0, 0, 47, 0, 0, 0, 0, 0, 0, 0, 0, 0, 0, 0, 3, 50
"c:\Users\User\Desktop\receive\linkspeak\lib\clubs\clubTabs.dart", "Dart", 0, 0, 33, 0, 0, 0, 0, 0, 0, 0, 0, 0, 0, 0, 6, 39
"c:\Users\User\Desktop\receive\linkspeak\lib\clubs\clubTopicsTab.dart", "Dart", 0, 0, 153, 0, 0, 0, 0, 0, 0, 0, 0, 0, 0, 0, 4, 157
"c:\Users\User\Desktop\receive\linkspeak\lib\clubs\createClubScreen.dart", "Dart", 0, 0, 786, 0, 0, 0, 0, 0, 0, 0, 0, 0, 0, 0, 19, 805
"c:\Users\User\Desktop\receive\linkspeak\lib\clubs\manageClubScreen.dart", "Dart", 0, 0, 1164, 0, 0, 0, 0, 0, 0, 0, 0, 0, 0, 6, 36, 1206
"c:\Users\User\Desktop\receive\linkspeak\lib\clubs\newClubPost.dart", "Dart", 0, 0, 3143, 0, 0, 0, 0, 0, 0, 0, 0, 0, 0, 0, 97, 3240
"c:\Users\User\Desktop\receive\linkspeak\lib\clubs\privateClub.dart", "Dart", 0, 0, 34, 0, 0, 0, 0, 0, 0, 0, 0, 0, 0, 0, 4, 38
"c:\Users\User\Desktop\receive\linkspeak\lib\clubs\publishClubPost.dart", "Dart", 0, 0, 19, 0, 0, 0, 0, 0, 0, 0, 0, 0, 0, 0, 5, 24
"c:\Users\User\Desktop\receive\linkspeak\lib\firebase_options.dart", "Dart", 0, 0, 54, 0, 0, 0, 0, 0, 0, 0, 0, 0, 0, 12, 5, 71
"c:\Users\User\Desktop\receive\linkspeak\lib\flares\addFlareComment.dart", "Dart", 0, 0, 898, 0, 0, 0, 0, 0, 0, 0, 0, 0, 0, 39, 23, 960
"c:\Users\User\Desktop\receive\linkspeak\lib\flares\addFlareReply.dart", "Dart", 0, 0, 926, 0, 0, 0, 0, 0, 0, 0, 0, 0, 0, 34, 24, 984
"c:\Users\User\Desktop\receive\linkspeak\lib\flares\addedFlare.dart", "Dart", 0, 0, 57, 0, 0, 0, 0, 0, 0, 0, 0, 0, 0, 0, 5, 62
"c:\Users\User\Desktop\receive\linkspeak\lib\flares\collectionFlareScreen.dart", "Dart", 0, 0, 65, 0, 0, 0, 0, 0, 0, 0, 0, 0, 0, 0, 8, 73
"c:\Users\User\Desktop\receive\linkspeak\lib\flares\collectionFlareTab.dart", "Dart", 0, 0, 92, 0, 0, 0, 0, 0, 0, 0, 0, 0, 0, 0, 6, 98
"c:\Users\User\Desktop\receive\linkspeak\lib\flares\collectionFlareWidget.dart", "Dart", 0, 0, 272, 0, 0, 0, 0, 0, 0, 0, 0, 0, 0, 31, 12, 315
"c:\Users\User\Desktop\receive\linkspeak\lib\flares\customizeFlareScreen.dart", "Dart", 0, 0, 164, 0, 0, 0, 0, 0, 0, 0, 0, 0, 0, 0, 9, 173
"c:\Users\User\Desktop\receive\linkspeak\lib\flares\flareAlertsScreen.dart", "Dart", 0, 0, 245, 0, 0, 0, 0, 0, 0, 0, 0, 0, 0, 0, 7, 252
"c:\Users\User\Desktop\receive\linkspeak\lib\flares\flareBanner.dart", "Dart", 0, 0, 101, 0, 0, 0, 0, 0, 0, 0, 0, 0, 0, 0, 7, 108
"c:\Users\User\Desktop\receive\linkspeak\lib\flares\flareBaseline.dart", "Dart", 0, 0, 641, 0, 0, 0, 0, 0, 0, 0, 0, 0, 0, 4, 22, 667
"c:\Users\User\Desktop\receive\linkspeak\lib\flares\flareComment.dart", "Dart", 0, 0, 572, 0, 0, 0, 0, 0, 0, 0, 0, 0, 0, 0, 11, 583
"c:\Users\User\Desktop\receive\linkspeak\lib\flares\flareCommentAlerts.dart", "Dart", 0, 0, 173, 0, 0, 0, 0, 0, 0, 0, 0, 0, 0, 1, 10, 184
"c:\Users\User\Desktop\receive\linkspeak\lib\flares\flareCommentLikesScreen.dart", "Dart", 0, 0, 351, 0, 0, 0, 0, 0, 0, 0, 0, 0, 0, 0, 10, 361
"c:\Users\User\Desktop\receive\linkspeak\lib\flares\flareCommentRepliesScreen.dart", "Dart", 0, 0, 814, 0, 0, 0, 0, 0, 0, 0, 0, 0, 0, 4, 21, 839
"c:\Users\User\Desktop\receive\linkspeak\lib\flares\flareComments.dart", "Dart", 0, 0, 884, 0, 0, 0, 0, 0, 0, 0, 0, 0, 0, 27, 20, 931
"c:\Users\User\Desktop\receive\linkspeak\lib\flares\flareHistory.dart", "Dart", 0, 0, 770, 0, 0, 0, 0, 0, 0, 0, 0, 0, 0, 0, 18, 788
"c:\Users\User\Desktop\receive\linkspeak\lib\flares\flareHistoryScreen.dart", "Dart", 0, 0, 35, 0, 0, 0, 0, 0, 0, 0, 0, 0, 0, 0, 5, 40
"c:\Users\User\Desktop\receive\linkspeak\lib\flares\flareLikeAlerts.dart", "Dart", 0, 0, 171, 0, 0, 0, 0, 0, 0, 0, 0, 0, 0, 1, 10, 182
"c:\Users\User\Desktop\receive\linkspeak\lib\flares\flareLikes.dart", "Dart", 0, 0, 561, 0, 0, 0, 0, 0, 0, 0, 0, 0, 0, 0, 17, 578
"c:\Users\User\Desktop\receive\linkspeak\lib\flares\flareMegaLike.dart", "Dart", 0, 0, 52, 0, 0, 0, 0, 0, 0, 0, 0, 0, 0, 1, 7, 60
"c:\Users\User\Desktop\receive\linkspeak\lib\flares\flareProfileBanner.dart", "Dart", 0, 0, 22, 0, 0, 0, 0, 0, 0, 0, 0, 0, 0, 0, 4, 26
"c:\Users\User\Desktop\receive\linkspeak\lib\flares\flareProfileScreen.dart", "Dart", 0, 0, 917, 0, 0, 0, 0, 0, 0, 0, 0, 0, 0, 1, 31, 949
"c:\Users\User\Desktop\receive\linkspeak\lib\flares\flareProfileTab.dart", "Dart", 0, 0, 17, 0, 0, 0, 0, 0, 0, 0, 0, 0, 0, 0, 5, 22
"c:\Users\User\Desktop\receive\linkspeak\lib\flares\flareReply.dart", "Dart", 0, 0, 573, 0, 0, 0, 0, 0, 0, 0, 0, 0, 0, 12, 13, 598
"c:\Users\User\Desktop\receive\linkspeak\lib\flares\flareTabWidget.dart", "Dart", 0, 0, 1202, 0, 0, 0, 0, 0, 0, 0, 0, 0, 0, 0, 33, 1235
"c:\Users\User\Desktop\receive\linkspeak\lib\flares\flareTimer.dart", "Dart", 0, 0, 32, 0, 0, 0, 0, 0, 0, 0, 0, 0, 0, 0, 4, 36
"c:\Users\User\Desktop\receive\linkspeak\lib\flares\flareViews.dart", "Dart", 0, 0, 547, 0, 0, 0, 0, 0, 0, 0, 0, 0, 0, 0, 14, 561
"c:\Users\User\Desktop\receive\linkspeak\lib\flares\flareWidget.dart", "Dart", 0, 0, 370, 0, 0, 0, 0, 0, 0, 0, 0, 0, 0, 0, 9, 379
"c:\Users\User\Desktop\receive\linkspeak\lib\flares\flaresTab.dart", "Dart", 0, 0, 475, 0, 0, 0, 0, 0, 0, 0, 0, 0, 0, 6, 12, 493
"c:\Users\User\Desktop\receive\linkspeak\lib\flares\fullFlare.dart", "Dart", 0, 0, 219, 0, 0, 0, 0, 0, 0, 0, 0, 0, 0, 1, 13, 233
"c:\Users\User\Desktop\receive\linkspeak\lib\flares\likedFlareScreen.dart", "Dart", 0, 0, 40, 0, 0, 0, 0, 0, 0, 0, 0, 0, 0, 0, 5, 45
"c:\Users\User\Desktop\receive\linkspeak\lib\flares\likedFlares.dart", "Dart", 0, 0, 577, 0, 0, 0, 0, 0, 0, 0, 0, 0, 0, 0, 12, 589
"c:\Users\User\Desktop\receive\linkspeak\lib\flares\megaFlare.dart", "Dart", 0, 0, 157, 0, 0, 0, 0, 0, 0, 0, 0, 0, 0, 1, 12, 170
"c:\Users\User\Desktop\receive\linkspeak\lib\flares\newCollectionScreen.dart", "Dart", 0, 0, 1000, 0, 0, 0, 0, 0, 0, 0, 0, 0, 0, 21, 33, 1054
"c:\Users\User\Desktop\receive\linkspeak\lib\flares\newFlareComments.dart", "Dart", 0, 0, 89, 0, 0, 0, 0, 0, 0, 0, 0, 0, 0, 0, 9, 98
"c:\Users\User\Desktop\receive\linkspeak\lib\flares\newFlareLikes.dart", "Dart", 0, 0, 100, 0, 0, 0, 0, 0, 0, 0, 0, 0, 0, 0, 9, 109
"c:\Users\User\Desktop\receive\linkspeak\lib\flares\profileFlares.dart", "Dart", 0, 0, 343, 0, 0, 0, 0, 0, 0, 0, 0, 0, 0, 0, 13, 356
"c:\Users\User\Desktop\receive\linkspeak\lib\flares\singleFlareScreen.dart", "Dart", 0, 0, 375, 0, 0, 0, 0, 0, 0, 0, 0, 0, 0, 2, 13, 390
"c:\Users\User\Desktop\receive\linkspeak\lib\general.dart", "Dart", 0, 0, 543, 0, 0, 0, 0, 0, 0, 0, 0, 0, 0, 2, 32, 577
"c:\Users\User\Desktop\receive\linkspeak\lib\loading\clubSkeleton.dart", "Dart", 0, 0, 114, 0, 0, 0, 0, 0, 0, 0, 0, 0, 0, 0, 4, 118
"c:\Users\User\Desktop\receive\linkspeak\lib\loading\flareCollectionSkeleton.dart", "Dart", 0, 0, 37, 0, 0, 0, 0, 0, 0, 0, 0, 0, 0, 0, 3, 40
"c:\Users\User\Desktop\receive\linkspeak\lib\loading\flareGridSkeleton.dart", "Dart", 0, 0, 16, 0, 0, 0, 0, 0, 0, 0, 0, 0, 0, 0, 4, 20
"c:\Users\User\Desktop\receive\linkspeak\lib\loading\flareProfileSkeleton.dart", "Dart", 0, 0, 137, 0, 0, 0, 0, 0, 0, 0, 0, 0, 0, 0, 5, 142
"c:\Users\User\Desktop\receive\linkspeak\lib\loading\flareSkeleton.dart", "Dart", 0, 0, 15, 0, 0, 0, 0, 0, 0, 0, 0, 0, 0, 0, 2, 17
"c:\Users\User\Desktop\receive\linkspeak\lib\loading\flaresLoading.dart", "Dart", 0, 0, 17, 0, 0, 0, 0, 0, 0, 0, 0, 0, 0, 0, 4, 21
"c:\Users\User\Desktop\receive\linkspeak\lib\loading\postSkeleton.dart", "Dart", 0, 0, 75, 0, 0, 0, 0, 0, 0, 0, 0, 0, 0, 0, 2, 77
"c:\Users\User\Desktop\receive\linkspeak\lib\loading\postsLoading.dart", "Dart", 0, 0, 21, 0, 0, 0, 0, 0, 0, 0, 0, 0, 0, 0, 4, 25
"c:\Users\User\Desktop\receive\linkspeak\lib\loading\profileSkeleton.dart", "Dart", 0, 0, 125, 0, 0, 0, 0, 0, 0, 0, 0, 0, 0, 0, 4, 129
"c:\Users\User\Desktop\receive\linkspeak\lib\loading\suggestedSkeleton.dart", "Dart", 0, 0, 44, 0, 0, 0, 0, 0, 0, 0, 0, 0, 0, 0, 3, 47
"c:\Users\User\Desktop\receive\linkspeak\lib\loading\suggestedsLoading.dart", "Dart", 0, 0, 10, 0, 0, 0, 0, 0, 0, 0, 0, 0, 0, 0, 4, 14
"c:\Users\User\Desktop\receive\linkspeak\lib\main.dart", "Dart", 0, 0, 87, 0, 0, 0, 0, 0, 0, 0, 0, 0, 0, 2, 5, 94
"c:\Users\User\Desktop\receive\linkspeak\lib\models\boardPostItem.dart", "Dart", 0, 0, 15, 0, 0, 0, 0, 0, 0, 0, 0, 0, 0, 0, 1, 16
"c:\Users\User\Desktop\receive\linkspeak\lib\models\chat.dart", "Dart", 0, 0, 16, 0, 0, 0, 0, 0, 0, 0, 0, 0, 0, 0, 5, 21
"c:\Users\User\Desktop\receive\linkspeak\lib\models\chromeSafariModel.dart", "Dart", 0, 0, 15, 0, 0, 0, 0, 0, 0, 0, 0, 0, 0, 0, 4, 19
"c:\Users\User\Desktop\receive\linkspeak\lib\models\clubber.dart", "Dart", 0, 0, 50, 0, 0, 0, 0, 0, 0, 0, 0, 0, 0, 0, 2, 52
"c:\Users\User\Desktop\receive\linkspeak\lib\models\comment.dart", "Dart", 0, 0, 28, 0, 0, 0, 0, 0, 0, 0, 0, 0, 0, 0, 3, 31
"c:\Users\User\Desktop\receive\linkspeak\lib\models\dataBloc.dart", "Dart", 0, 0, 84, 0, 0, 0, 0, 0, 0, 0, 0, 0, 0, 1, 8, 93
"c:\Users\User\Desktop\receive\linkspeak\lib\models\flare.dart", "Dart", 0, 0, 34, 0, 0, 0, 0, 0, 0, 0, 0, 0, 0, 0, 3, 37
"c:\Users\User\Desktop\receive\linkspeak\lib\models\flareCollectionModel.dart", "Dart", 0, 0, 28, 0, 0, 0, 0, 0, 0, 0, 0, 0, 0, 0, 3, 31
"c:\Users\User\Desktop\receive\linkspeak\lib\models\flarer.dart", "Dart", 0, 0, 37, 0, 0, 0, 0, 0, 0, 0, 0, 0, 0, 0, 2, 39
"c:\Users\User\Desktop\receive\linkspeak\lib\models\message.dart", "Dart", 0, 0, 19, 0, 0, 0, 0, 0, 0, 0, 0, 0, 0, 0, 4, 23
"c:\Users\User\Desktop\receive\linkspeak\lib\models\miniClub.dart", "Dart", 0, 0, 4, 0, 0, 0, 0, 0, 0, 0, 0, 0, 0, 0, 1, 5
"c:\Users\User\Desktop\receive\linkspeak\lib\models\miniProfile.dart", "Dart", 0, 0, 4, 0, 0, 0, 0, 0, 0, 0, 0, 0, 0, 0, 1, 5
"c:\Users\User\Desktop\receive\linkspeak\lib\models\miniSavedProfile.dart", "Dart", 0, 0, 15, 0, 0, 0, 0, 0, 0, 0, 0, 0, 0, 0, 1, 16
"c:\Users\User\Desktop\receive\linkspeak\lib\models\miniSuggestedProfile.dart", "Dart", 0, 0, 4, 0, 0, 0, 0, 0, 0, 0, 0, 0, 0, 0, 1, 5
"c:\Users\User\Desktop\receive\linkspeak\lib\models\myCarouselController.dart", "Dart", 0, 0, 90, 0, 0, 0, 0, 0, 0, 0, 0, 0, 0, 24, 24, 138
"c:\Users\User\Desktop\receive\linkspeak\lib\models\myCollectionModel.dart", "Dart", 0, 0, 5, 0, 0, 0, 0, 0, 0, 0, 0, 0, 0, 0, 1, 6
"c:\Users\User\Desktop\receive\linkspeak\lib\models\notification.dart", "Dart", 0, 0, 7, 0, 0, 0, 0, 0, 0, 0, 0, 0, 0, 0, 1, 8
"c:\Users\User\Desktop\receive\linkspeak\lib\models\post.dart", "Dart", 0, 0, 84, 0, 0, 0, 0, 0, 0, 0, 0, 0, 0, 0, 3, 87
"c:\Users\User\Desktop\receive\linkspeak\lib\models\posterProfile.dart", "Dart", 0, 0, 6, 0, 0, 0, 0, 0, 0, 0, 0, 0, 0, 0, 2, 8
"c:\Users\User\Desktop\receive\linkspeak\lib\models\profile.dart", "Dart", 0, 0, 176, 0, 0, 0, 0, 0, 0, 0, 0, 0, 0, 0, 4, 180
"c:\Users\User\Desktop\receive\linkspeak\lib\models\profiler.dart", "Dart", 0, 0, 66, 0, 0, 0, 0, 0, 0, 0, 0, 0, 0, 0, 3, 69
"c:\Users\User\Desktop\receive\linkspeak\lib\models\reply.dart", "Dart", 0, 0, 22, 0, 0, 0, 0, 0, 0, 0, 0, 0, 0, 0, 2, 24
"c:\Users\User\Desktop\receive\linkspeak\lib\models\screenArguments.dart", "Dart", 0, 0, 492, 0, 0, 0, 0, 0, 0, 0, 0, 0, 0, 0, 51, 543
"c:\Users\User\Desktop\receive\linkspeak\lib\models\tagLinkifier.dart", "Dart", 0, 0, 47, 0, 0, 0, 0, 0, 0, 0, 0, 0, 0, 1, 15, 63
"c:\Users\User\Desktop\receive\linkspeak\lib\models\topicSearch.dart", "Dart", 0, 0, 4, 0, 0, 0, 0, 0, 0, 0, 0, 0, 0, 0, 1, 5
"c:\Users\User\Desktop\receive\linkspeak\lib\my_flutter_app_icons.dart", "Dart", 0, 0, 29, 0, 0, 0, 0, 0, 0, 0, 0, 0, 0, 15, 4, 48
"c:\Users\User\Desktop\receive\linkspeak\lib\providers\addPostScreenState.dart", "Dart", 0, 0, 67, 0, 0, 0, 0, 0, 0, 0, 0, 0, 0, 0, 13, 80
"c:\Users\User\Desktop\receive\linkspeak\lib\providers\adminFlaresProvider.dart", "Dart", 0, 0, 8, 0, 0, 0, 0, 0, 0, 0, 0, 0, 0, 0, 3, 11
"c:\Users\User\Desktop\receive\linkspeak\lib\providers\adminPostsProvider.dart", "Dart", 0, 0, 18, 0, 0, 0, 0, 0, 0, 0, 0, 0, 0, 0, 3, 21
"c:\Users\User\Desktop\receive\linkspeak\lib\providers\appBarProvider.dart", "Dart", 0, 0, 57, 0, 0, 0, 0, 0, 0, 0, 0, 0, 0, 0, 12, 69
"c:\Users\User\Desktop\receive\linkspeak\lib\providers\clubProvider.dart", "Dart", 0, 0, 212, 0, 0, 0, 0, 0, 0, 0, 0, 0, 0, 0, 21, 233
"c:\Users\User\Desktop\receive\linkspeak\lib\providers\clubTabProvider.dart", "Dart", 0, 0, 70, 0, 0, 0, 0, 0, 0, 0, 0, 0, 0, 0, 5, 75
"c:\Users\User\Desktop\receive\linkspeak\lib\providers\commentProvider.dart", "Dart", 0, 0, 44, 0, 0, 0, 0, 0, 0, 0, 0, 0, 0, 0, 6, 50
"c:\Users\User\Desktop\receive\linkspeak\lib\providers\favScreenScrollProvider.dart", "Dart", 0, 0, 9, 0, 0, 0, 0, 0, 0, 0, 0, 0, 0, 0, 2, 11
"c:\Users\User\Desktop\receive\linkspeak\lib\providers\feedProvider.dart", "Dart", 0, 0, 59, 0, 0, 0, 0, 0, 0, 0, 0, 0, 0, 11, 6, 76
"c:\Users\User\Desktop\receive\linkspeak\lib\providers\flareCollectionHelper.dart", "Dart", 0, 0, 69, 0, 0, 0, 0, 0, 0, 0, 0, 0, 0, 0, 4, 73
"c:\Users\User\Desktop\receive\linkspeak\lib\providers\flareProfileProvider.dart", "Dart", 0, 0, 115, 0, 0, 0, 0, 0, 0, 0, 0, 0, 0, 0, 9, 124
"c:\Users\User\Desktop\receive\linkspeak\lib\providers\flareTabProvider.dart", "Dart", 0, 0, 8, 0, 0, 0, 0, 0, 0, 0, 0, 0, 0, 0, 3, 11
"c:\Users\User\Desktop\receive\linkspeak\lib\providers\fullFlareHelper.dart", "Dart", 0, 0, 179, 0, 0, 0, 0, 0, 0, 0, 0, 0, 0, 5, 9, 193
"c:\Users\User\Desktop\receive\linkspeak\lib\providers\fullPostHelper.dart", "Dart", 0, 0, 273, 0, 0, 0, 0, 0, 0, 0, 0, 0, 0, 0, 15, 288
"c:\Users\User\Desktop\receive\linkspeak\lib\providers\historyScrollProvider.dart", "Dart", 0, 0, 6, 0, 0, 0, 0, 0, 0, 0, 0, 0, 0, 0, 2, 8
"c:\Users\User\Desktop\receive\linkspeak\lib\providers\likeScreenScrollProvider.dart", "Dart", 0, 0, 9, 0, 0, 0, 0, 0, 0, 0, 0, 0, 0, 0, 2, 11
"c:\Users\User\Desktop\receive\linkspeak\lib\providers\likedFlareScrollProvider.dart", "Dart", 0, 0, 6, 0, 0, 0, 0, 0, 0, 0, 0, 0, 0, 0, 2, 8
"c:\Users\User\Desktop\receive\linkspeak\lib\providers\linkScreenProvider.dart", "Dart", 0, 0, 11, 0, 0, 0, 0, 0, 0, 0, 0, 0, 0, 0, 3, 14
"c:\Users\User\Desktop\receive\linkspeak\lib\providers\linkedToScreenProvider.dart", "Dart", 0, 0, 11, 0, 0, 0, 0, 0, 0, 0, 0, 0, 0, 0, 3, 14
"c:\Users\User\Desktop\receive\linkspeak\lib\providers\logHelper.dart", "Dart", 0, 0, 24, 0, 0, 0, 0, 0, 0, 0, 0, 0, 0, 0, 6, 30
"c:\Users\User\Desktop\receive\linkspeak\lib\providers\myProfileProvider.dart", "Dart", 0, 0, 626, 0, 0, 0, 0, 0, 0, 0, 0, 0, 0, 22, 51, 699
"c:\Users\User\Desktop\receive\linkspeak\lib\providers\otherProfileProvider.dart", "Dart", 0, 0, 379, 0, 0, 0, 0, 0, 0, 0, 0, 0, 0, 0, 17, 396
"c:\Users\User\Desktop\receive\linkspeak\lib\providers\placesScreenProvider.dart", "Dart", 0, 0, 26, 0, 0, 0, 0, 0, 0, 0, 0, 0, 0, 6, 5, 37
"c:\Users\User\Desktop\receive\linkspeak\lib\providers\postCarouselHelper.dart", "Dart", 0, 0, 46, 0, 0, 0, 0, 0, 0, 0, 0, 0, 0, 0, 11, 57
"c:\Users\User\Desktop\receive\linkspeak\lib\providers\postTabProvider.dart", "Dart", 0, 0, 11, 0, 0, 0, 0, 0, 0, 0, 0, 0, 0, 0, 3, 14
"c:\Users\User\Desktop\receive\linkspeak\lib\providers\profileScrollProvider.dart", "Dart", 0, 0, 9, 0, 0, 0, 0, 0, 0, 0, 0, 0, 0, 0, 2, 11
"c:\Users\User\Desktop\receive\linkspeak\lib\providers\regHelper.dart", "Dart", 0, 0, 89, 0, 0, 0, 0, 0, 0, 0, 0, 0, 0, 0, 13, 102
"c:\Users\User\Desktop\receive\linkspeak\lib\providers\themeModel.dart", "Dart", 0, 0, 167, 0, 0, 0, 0, 0, 0, 0, 0, 0, 0, 0, 13, 180
"c:\Users\User\Desktop\receive\linkspeak\lib\providers\topicScreenProvider.dart", "Dart", 0, 0, 39, 0, 0, 0, 0, 0, 0, 0, 0, 0, 0, 0, 6, 45
"c:\Users\User\Desktop\receive\linkspeak\lib\roadmap.dart", "Dart", 0, 0, 0, 0, 0, 0, 0, 0, 0, 0, 0, 0, 0, 137, 0, 137
"c:\Users\User\Desktop\receive\linkspeak\lib\routes.dart", "Dart", 0, 0, 986, 0, 0, 0, 0, 0, 0, 0, 0, 0, 0, 0, 6, 992
"c:\Users\User\Desktop\receive\linkspeak\lib\screens\Feed.dart", "Dart", 0, 0, 629, 0, 0, 0, 0, 0, 0, 0, 0, 0, 0, 9, 19, 657
"c:\Users\User\Desktop\receive\linkspeak\lib\screens\LinkedNotifScreen.dart", "Dart", 0, 0, 169, 0, 0, 0, 0, 0, 0, 0, 0, 0, 0, 2, 12, 183
"c:\Users\User\Desktop\receive\linkspeak\lib\screens\LinksNotifScreen.dart", "Dart", 0, 0, 169, 0, 0, 0, 0, 0, 0, 0, 0, 0, 0, 2, 11, 182
"c:\Users\User\Desktop\receive\linkspeak\lib\screens\MyprofileScreen.dart", "Dart", 0, 0, 182, 0, 0, 0, 0, 0, 0, 0, 0, 0, 0, 0, 8, 190
"c:\Users\User\Desktop\receive\linkspeak\lib\screens\PostCommentsNotifScreen.dart", "Dart", 0, 0, 170, 0, 0, 0, 0, 0, 0, 0, 0, 0, 0, 2, 13, 185
"c:\Users\User\Desktop\receive\linkspeak\lib\screens\aboutScreen.dart", "Dart", 0, 0, 55, 0, 0, 0, 0, 0, 0, 0, 0, 0, 0, 10, 3, 68
"c:\Users\User\Desktop\receive\linkspeak\lib\screens\addPostScreen.dart", "Dart", 0, 0, 2975, 0, 0, 0, 0, 0, 0, 0, 0, 0, 0, 0, 92, 3067
"c:\Users\User\Desktop\receive\linkspeak\lib\screens\additionalDetails.dart", "Dart", 0, 0, 431, 0, 0, 0, 0, 0, 0, 0, 0, 0, 0, 6, 14, 451
"c:\Users\User\Desktop\receive\linkspeak\lib\screens\blockedUserScreen.dart", "Dart", 0, 0, 232, 0, 0, 0, 0, 0, 0, 0, 0, 0, 0, 0, 11, 243
"c:\Users\User\Desktop\receive\linkspeak\lib\screens\chatScreen.dart", "Dart", 0, 0, 233, 0, 0, 0, 0, 0, 0, 0, 0, 0, 0, 0, 8, 241
"c:\Users\User\Desktop\receive\linkspeak\lib\screens\clubsTab.dart", "Dart", 0, 0, 429, 0, 0, 0, 0, 0, 0, 0, 0, 0, 0, 0, 14, 443
"c:\Users\User\Desktop\receive\linkspeak\lib\screens\commentHistoryScreen.dart", "Dart", 0, 0, 33, 0, 0, 0, 0, 0, 0, 0, 0, 0, 0, 0, 4, 37
"c:\Users\User\Desktop\receive\linkspeak\lib\screens\commentLikesScreen.dart", "Dart", 0, 0, 332, 0, 0, 0, 0, 0, 0, 0, 0, 0, 0, 0, 11, 343
"c:\Users\User\Desktop\receive\linkspeak\lib\screens\commentRepliesNotifScreen.dart", "Dart", 0, 0, 187, 0, 0, 0, 0, 0, 0, 0, 0, 0, 0, 2, 12, 201
"c:\Users\User\Desktop\receive\linkspeak\lib\screens\commentRepliesScreen.dart", "Dart", 0, 0, 806, 0, 0, 0, 0, 0, 0, 0, 0, 0, 0, 4, 23, 833
"c:\Users\User\Desktop\receive\linkspeak\lib\screens\customIconScreen.dart", "Dart", 0, 0, 202, 0, 0, 0, 0, 0, 0, 0, 0, 0, 0, 0, 10, 212
"c:\Users\User\Desktop\receive\linkspeak\lib\screens\customLocationScreen.dart", "Dart", 0, 0, 213, 0, 0, 0, 0, 0, 0, 0, 0, 0, 0, 1, 12, 226
"c:\Users\User\Desktop\receive\linkspeak\lib\screens\editProfile.dart", "Dart", 0, 0, 1116, 0, 0, 0, 0, 0, 0, 0, 0, 0, 0, 6, 29, 1151
"c:\Users\User\Desktop\receive\linkspeak\lib\screens\favClubPosts.dart", "Dart", 0, 0, 423, 0, 0, 0, 0, 0, 0, 0, 0, 0, 0, 0, 15, 438
"c:\Users\User\Desktop\receive\linkspeak\lib\screens\favUserPosts.dart", "Dart", 0, 0, 422, 0, 0, 0, 0, 0, 0, 0, 0, 0, 0, 0, 13, 435
"c:\Users\User\Desktop\receive\linkspeak\lib\screens\favoritePostsScreen.dart", "Dart", 0, 0, 94, 0, 0, 0, 0, 0, 0, 0, 0, 0, 0, 0, 8, 102
"c:\Users\User\Desktop\receive\linkspeak\lib\screens\featureDocScreen.dart", "Dart", 0, 0, 277, 0, 0, 0, 0, 0, 0, 0, 0, 0, 0, 66, 16, 359
"c:\Users\User\Desktop\receive\linkspeak\lib\screens\feedScreen.dart", "Dart", 0, 0, 319, 0, 0, 0, 0, 0, 0, 0, 0, 0, 0, 0, 16, 335
"c:\Users\User\Desktop\receive\linkspeak\lib\screens\feedbackScreen.dart", "Dart", 0, 0, 166, 0, 0, 0, 0, 0, 0, 0, 0, 0, 0, 0, 8, 174
"c:\Users\User\Desktop\receive\linkspeak\lib\screens\finishSetup.dart", "Dart", 0, 0, 681, 0, 0, 0, 0, 0, 0, 0, 0, 0, 0, 0, 22, 703
"c:\Users\User\Desktop\receive\linkspeak\lib\screens\flareCommentHistoryScreen.dart", "Dart", 0, 0, 39, 0, 0, 0, 0, 0, 0, 0, 0, 0, 0, 0, 5, 44
"c:\Users\User\Desktop\receive\linkspeak\lib\screens\flareReplyHistoryScreen.dart", "Dart", 0, 0, 39, 0, 0, 0, 0, 0, 0, 0, 0, 0, 0, 0, 5, 44
"c:\Users\User\Desktop\receive\linkspeak\lib\screens\fullMapScreen.dart", "Dart", 0, 0, 88, 0, 0, 0, 0, 0, 0, 0, 0, 0, 0, 0, 6, 94
"c:\Users\User\Desktop\receive\linkspeak\lib\screens\helpScreen.dart", "Dart", 0, 0, 357, 0, 0, 0, 0, 0, 0, 0, 0, 0, 0, 0, 11, 368
"c:\Users\User\Desktop\receive\linkspeak\lib\screens\inAppBrowser.dart", "Dart", 0, 0, 145, 0, 0, 0, 0, 0, 0, 0, 0, 0, 0, 0, 11, 156
"c:\Users\User\Desktop\receive\linkspeak\lib\screens\likedClubPosts.dart", "Dart", 0, 0, 426, 0, 0, 0, 0, 0, 0, 0, 0, 0, 0, 0, 15, 441
"c:\Users\User\Desktop\receive\linkspeak\lib\screens\likedPostScreen.dart", "Dart", 0, 0, 97, 0, 0, 0, 0, 0, 0, 0, 0, 0, 0, 0, 8, 105
"c:\Users\User\Desktop\receive\linkspeak\lib\screens\likedUserPosts.dart", "Dart", 0, 0, 423, 0, 0, 0, 0, 0, 0, 0, 0, 0, 0, 0, 13, 436
"c:\Users\User\Desktop\receive\linkspeak\lib\screens\linkModeScreen.dart", "Dart", 0, 0, 466, 0, 0, 0, 0, 0, 0, 0, 0, 0, 0, 3, 14, 483
"c:\Users\User\Desktop\receive\linkspeak\lib\screens\linkRequestsScreen.dart", "Dart", 0, 0, 191, 0, 0, 0, 0, 0, 0, 0, 0, 0, 0, 2, 9, 202
"c:\Users\User\Desktop\receive\linkspeak\lib\screens\linkedToScreen.dart", "Dart", 0, 0, 60, 0, 0, 0, 0, 0, 0, 0, 0, 0, 0, 0, 5, 65
"c:\Users\User\Desktop\receive\linkspeak\lib\screens\linksScreen.dart", "Dart", 0, 0, 62, 0, 0, 0, 0, 0, 0, 0, 0, 0, 0, 0, 5, 67
"c:\Users\User\Desktop\receive\linkspeak\lib\screens\loginScreen.dart", "Dart", 0, 0, 606, 0, 0, 0, 0, 0, 0, 0, 0, 0, 0, 320, 23, 949
"c:\Users\User\Desktop\receive\linkspeak\lib\screens\mediaScreen.dart", "Dart", 0, 0, 141, 0, 0, 0, 0, 0, 0, 0, 0, 0, 0, 0, 6, 147
"c:\Users\User\Desktop\receive\linkspeak\lib\screens\mentionsScreen.dart", "Dart", 0, 0, 218, 0, 0, 0, 0, 0, 0, 0, 0, 0, 0, 2, 11, 231
"c:\Users\User\Desktop\receive\linkspeak\lib\screens\messagesTab.dart", "Dart", 0, 0, 775, 0, 0, 0, 0, 0, 0, 0, 0, 0, 0, 5, 19, 799
"c:\Users\User\Desktop\receive\linkspeak\lib\screens\myJoinedClubScreen.dart", "Dart", 0, 0, 417, 0, 0, 0, 0, 0, 0, 0, 0, 0, 0, 0, 14, 431
"c:\Users\User\Desktop\receive\linkspeak\lib\screens\noteScreen.dart", "Dart", 0, 0, 183, 0, 0, 0, 0, 0, 0, 0, 0, 0, 0, 0, 8, 191
"c:\Users\User\Desktop\receive\linkspeak\lib\screens\notificationScreen.dart", "Dart", 0, 0, 687, 0, 0, 0, 0, 0, 0, 0, 0, 0, 0, 0, 11, 698
"c:\Users\User\Desktop\receive\linkspeak\lib\screens\notificationSettingsScreen.dart", "Dart", 0, 0, 391, 0, 0, 0, 0, 0, 0, 0, 0, 0, 0, 0, 17, 408
"c:\Users\User\Desktop\receive\linkspeak\lib\screens\otherJoinedClubScreen.dart", "Dart", 0, 0, 406, 0, 0, 0, 0, 0, 0, 0, 0, 0, 0, 0, 15, 421
"c:\Users\User\Desktop\receive\linkspeak\lib\screens\otherProfileScreen.dart", "Dart", 0, 0, 540, 0, 0, 0, 0, 0, 0, 0, 0, 0, 0, 1, 16, 557
"c:\Users\User\Desktop\receive\linkspeak\lib\screens\pickAddressScreen.dart", "Dart", 0, 0, 251, 0, 0, 0, 0, 0, 0, 0, 0, 0, 0, 0, 10, 261
"c:\Users\User\Desktop\receive\linkspeak\lib\screens\pickUsernameScreen.dart", "Dart", 0, 0, 322, 0, 0, 0, 0, 0, 0, 0, 0, 0, 0, 0, 11, 333
"c:\Users\User\Desktop\receive\linkspeak\lib\screens\placePostsScreen.dart", "Dart", 0, 0, 175, 0, 0, 0, 0, 0, 0, 0, 0, 0, 0, 0, 9, 184
"c:\Users\User\Desktop\receive\linkspeak\lib\screens\postCommentHistoryScreen.dart", "Dart", 0, 0, 73, 0, 0, 0, 0, 0, 0, 0, 0, 0, 0, 0, 7, 80
"c:\Users\User\Desktop\receive\linkspeak\lib\screens\postCommentReplyHistoryScreen.dart", "Dart", 0, 0, 74, 0, 0, 0, 0, 0, 0, 0, 0, 0, 0, 0, 7, 81
"c:\Users\User\Desktop\receive\linkspeak\lib\screens\postLikesNotifScreen.dart", "Dart", 0, 0, 173, 0, 0, 0, 0, 0, 0, 0, 0, 0, 0, 2, 11, 186
"c:\Users\User\Desktop\receive\linkspeak\lib\screens\postScreen.dart", "Dart", 0, 0, 790, 0, 0, 0, 0, 0, 0, 0, 0, 0, 0, 1, 20, 811
"c:\Users\User\Desktop\receive\linkspeak\lib\screens\privacyPolicyScreen.dart", "Dart", 0, 0, 24, 0, 0, 0, 0, 0, 0, 0, 0, 0, 0, 0, 4, 28
"c:\Users\User\Desktop\receive\linkspeak\lib\screens\replyHistoryScreen.dart", "Dart", 0, 0, 33, 0, 0, 0, 0, 0, 0, 0, 0, 0, 0, 0, 4, 37
"c:\Users\User\Desktop\receive\linkspeak\lib\screens\replyLikesScreen.dart", "Dart", 0, 0, 328, 0, 0, 0, 0, 0, 0, 0, 0, 0, 0, 0, 11, 339
"c:\Users\User\Desktop\receive\linkspeak\lib\screens\scanner.dart", "Dart", 0, 0, 120, 0, 0, 0, 0, 0, 0, 0, 0, 0, 0, 7, 8, 135
"c:\Users\User\Desktop\receive\linkspeak\lib\screens\searchScreen.dart", "Dart", 0, 0, 664, 0, 0, 0, 0, 0, 0, 0, 0, 0, 0, 29, 18, 711
"c:\Users\User\Desktop\receive\linkspeak\lib\screens\settingsScreen.dart", "Dart", 0, 0, 300, 0, 0, 0, 0, 0, 0, 0, 0, 0, 0, 4, 11, 315
"c:\Users\User\Desktop\receive\linkspeak\lib\screens\splashScreen.dart", "Dart", 0, 0, 674, 0, 0, 0, 0, 0, 0, 0, 0, 0, 0, 1, 21, 696
"c:\Users\User\Desktop\receive\linkspeak\lib\screens\termScreen.dart", "Dart", 0, 0, 19, 0, 0, 0, 0, 0, 0, 0, 0, 0, 0, 0, 3, 22
"c:\Users\User\Desktop\receive\linkspeak\lib\screens\themeScreen.dart", "Dart", 0, 0, 607, 0, 0, 0, 0, 0, 0, 0, 0, 0, 0, 17, 10, 634
"c:\Users\User\Desktop\receive\linkspeak\lib\screens\topicPostsScreen.dart", "Dart", 0, 0, 53, 0, 0, 0, 0, 0, 0, 0, 0, 0, 0, 0, 5, 58
"c:\Users\User\Desktop\receive\linkspeak\lib\theme_preference.dart", "Dart", 0, 0, 85, 0, 0, 0, 0, 0, 0, 0, 0, 0, 0, 0, 11, 96
"c:\Users\User\Desktop\receive\linkspeak\lib\widgets\alerts\linkedUsers.dart", "Dart", 0, 0, 77, 0, 0, 0, 0, 0, 0, 0, 0, 0, 0, 0, 8, 85
"c:\Users\User\Desktop\receive\linkspeak\lib\widgets\alerts\linkrequest.dart", "Dart", 0, 0, 262, 0, 0, 0, 0, 0, 0, 0, 0, 0, 0, 0, 9, 271
"c:\Users\User\Desktop\receive\linkspeak\lib\widgets\alerts\newComments.dart", "Dart", 0, 0, 89, 0, 0, 0, 0, 0, 0, 0, 0, 0, 0, 0, 9, 98
"c:\Users\User\Desktop\receive\linkspeak\lib\widgets\alerts\newLikes.dart", "Dart", 0, 0, 87, 0, 0, 0, 0, 0, 0, 0, 0, 0, 0, 0, 9, 96
"c:\Users\User\Desktop\receive\linkspeak\lib\widgets\alerts\newLinkedWith.dart", "Dart", 0, 0, 81, 0, 0, 0, 0, 0, 0, 0, 0, 0, 0, 0, 8, 89
"c:\Users\User\Desktop\receive\linkspeak\lib\widgets\alerts\newMentions.dart", "Dart", 0, 0, 214, 0, 0, 0, 0, 0, 0, 0, 0, 0, 0, 0, 10, 224
"c:\Users\User\Desktop\receive\linkspeak\lib\widgets\alerts\newReplies.dart", "Dart", 0, 0, 122, 0, 0, 0, 0, 0, 0, 0, 0, 0, 0, 0, 8, 130
"c:\Users\User\Desktop\receive\linkspeak\lib\widgets\alerts\notificationTile.dart", "Dart", 0, 0, 74, 0, 0, 0, 0, 0, 0, 0, 0, 0, 0, 37, 4, 115
"c:\Users\User\Desktop\receive\linkspeak\lib\widgets\auth\linkModeDialog.dart", "Dart", 0, 0, 114, 0, 0, 0, 0, 0, 0, 0, 0, 0, 0, 0, 10, 124
"c:\Users\User\Desktop\receive\linkspeak\lib\widgets\auth\loginAuth.dart", "Dart", 0, 0, 482, 0, 0, 0, 0, 0, 0, 0, 0, 0, 0, 1, 12, 495
"c:\Users\User\Desktop\receive\linkspeak\lib\widgets\auth\loginThemeChanger.dart", "Dart", 0, 0, 69, 0, 0, 0, 0, 0, 0, 0, 0, 0, 0, 0, 7, 76
"c:\Users\User\Desktop\receive\linkspeak\lib\widgets\auth\mosaic.dart", "Dart", 0, 0, 107, 0, 0, 0, 0, 0, 0, 0, 0, 0, 0, 0, 4, 111
"c:\Users\User\Desktop\receive\linkspeak\lib\widgets\auth\registrationAuth.dart", "Dart", 0, 0, 718, 0, 0, 0, 0, 0, 0, 0, 0, 0, 0, 52, 23, 793
"c:\Users\User\Desktop\receive\linkspeak\lib\widgets\auth\registrationDialog.dart", "Dart", 0, 0, 89, 0, 0, 0, 0, 0, 0, 0, 0, 0, 0, 0, 2, 91
"c:\Users\User\Desktop\receive\linkspeak\lib\widgets\auth\reportDialog.dart", "Dart", 0, 0, 327, 0, 0, 0, 0, 0, 0, 0, 0, 0, 0, 3, 16, 346
"c:\Users\User\Desktop\receive\linkspeak\lib\widgets\chat\chatAudioPlayer.dart", "Dart", 0, 0, 129, 0, 0, 0, 0, 0, 0, 0, 0, 0, 0, 0, 8, 137
"c:\Users\User\Desktop\receive\linkspeak\lib\widgets\chat\chatAudioStopWatch.dart", "Dart", 0, 0, 53, 0, 0, 0, 0, 0, 0, 0, 0, 0, 0, 0, 11, 64
"c:\Users\User\Desktop\receive\linkspeak\lib\widgets\chat\chatFlareWidget.dart", "Dart", 0, 0, 411, 0, 0, 0, 0, 0, 0, 0, 0, 0, 0, 4, 9, 424
"c:\Users\User\Desktop\receive\linkspeak\lib\widgets\chat\chatLocationWidget.dart", "Dart", 0, 0, 171, 0, 0, 0, 0, 0, 0, 0, 0, 0, 0, 0, 9, 180
"c:\Users\User\Desktop\receive\linkspeak\lib\widgets\chat\chatMediaWidget.dart", "Dart", 0, 0, 151, 0, 0, 0, 0, 0, 0, 0, 0, 0, 0, 0, 7, 158
"c:\Users\User\Desktop\receive\linkspeak\lib\widgets\chat\chatMenu.dart", "Dart", 0, 0, 270, 0, 0, 0, 0, 0, 0, 0, 0, 0, 0, 6, 5, 281
"c:\Users\User\Desktop\receive\linkspeak\lib\widgets\chat\chatMessages.dart", "Dart", 0, 0, 1047, 0, 0, 0, 0, 0, 0, 0, 0, 0, 0, 0, 23, 1070
"c:\Users\User\Desktop\receive\linkspeak\lib\widgets\chat\miniCarousel.dart", "Dart", 0, 0, 96, 0, 0, 0, 0, 0, 0, 0, 0, 0, 0, 0, 5, 101
"c:\Users\User\Desktop\receive\linkspeak\lib\widgets\chat\miniClubPost.dart", "Dart", 0, 0, 551, 0, 0, 0, 0, 0, 0, 0, 0, 0, 0, 1, 9, 561
"c:\Users\User\Desktop\receive\linkspeak\lib\widgets\chat\miniDescription.dart", "Dart", 0, 0, 70, 0, 0, 0, 0, 0, 0, 0, 0, 0, 0, 0, 4, 74
"c:\Users\User\Desktop\receive\linkspeak\lib\widgets\chat\miniLockedPost.dart", "Dart", 0, 0, 40, 0, 0, 0, 0, 0, 0, 0, 0, 0, 0, 0, 4, 44
"c:\Users\User\Desktop\receive\linkspeak\lib\widgets\chat\miniPost.dart", "Dart", 0, 0, 534, 0, 0, 0, 0, 0, 0, 0, 0, 0, 0, 1, 9, 544
"c:\Users\User\Desktop\receive\linkspeak\lib\widgets\chat\miniTitle.dart", "Dart", 0, 0, 72, 0, 0, 0, 0, 0, 0, 0, 0, 0, 0, 0, 5, 77
"c:\Users\User\Desktop\receive\linkspeak\lib\widgets\chat\pageManager.dart", "Dart", 0, 0, 83, 0, 0, 0, 0, 0, 0, 0, 0, 0, 0, 0, 8, 91
"c:\Users\User\Desktop\receive\linkspeak\lib\widgets\chat\sendButton.dart", "Dart", 0, 0, 1237, 0, 0, 0, 0, 0, 0, 0, 0, 0, 0, 50, 48, 1335
"c:\Users\User\Desktop\receive\linkspeak\lib\widgets\common\adaptiveText.dart", "Dart", 0, 0, 24, 0, 0, 0, 0, 0, 0, 0, 0, 0, 0, 0, 2, 26
"c:\Users\User\Desktop\receive\linkspeak\lib\widgets\common\additionalAddressButton.dart", "Dart", 0, 0, 275, 0, 0, 0, 0, 0, 0, 0, 0, 0, 0, 22, 13, 310
"c:\Users\User\Desktop\receive\linkspeak\lib\widgets\common\chatProfileImage.dart", "Dart", 0, 0, 133, 0, 0, 0, 0, 0, 0, 0, 0, 0, 0, 0, 9, 142
"c:\Users\User\Desktop\receive\linkspeak\lib\widgets\common\clubObject.dart", "Dart", 0, 0, 73, 0, 0, 0, 0, 0, 0, 0, 0, 0, 0, 0, 6, 79
"c:\Users\User\Desktop\receive\linkspeak\lib\widgets\common\fullMapText.dart", "Dart", 0, 0, 75, 0, 0, 0, 0, 0, 0, 0, 0, 0, 0, 0, 7, 82
"c:\Users\User\Desktop\receive\linkspeak\lib\widgets\common\linkObject.dart", "Dart", 0, 0, 81, 0, 0, 0, 0, 0, 0, 0, 0, 0, 0, 0, 7, 88
"c:\Users\User\Desktop\receive\linkspeak\lib\widgets\common\load.dart", "Dart", 0, 0, 38, 0, 0, 0, 0, 0, 0, 0, 0, 0, 0, 0, 3, 41
"c:\Users\User\Desktop\receive\linkspeak\lib\widgets\common\myFab.dart", "Dart", 0, 0, 90, 0, 0, 0, 0, 0, 0, 0, 0, 0, 0, 0, 10, 100
"c:\Users\User\Desktop\receive\linkspeak\lib\widgets\common\myLinkify.dart", "Dart", 0, 0, 87, 0, 0, 0, 0, 0, 0, 0, 0, 0, 0, 2, 6, 95
"c:\Users\User\Desktop\receive\linkspeak\lib\widgets\common\nestedScroller.dart", "Dart", 0, 0, 25, 0, 0, 0, 0, 0, 0, 0, 0, 0, 0, 21, 2, 48
"c:\Users\User\Desktop\receive\linkspeak\lib\widgets\common\noglow.dart", "Dart", 0, 0, 13, 0, 0, 0, 0, 0, 0, 0, 0, 0, 0, 0, 3, 16
"c:\Users\User\Desktop\receive\linkspeak\lib\widgets\common\peopleClubsBar.dart", "Dart", 0, 0, 42, 0, 0, 0, 0, 0, 0, 0, 0, 0, 0, 0, 3, 45
"c:\Users\User\Desktop\receive\linkspeak\lib\widgets\common\popUpMenuButton.dart", "Dart", 0, 0, 1106, 0, 0, 0, 0, 0, 0, 0, 0, 0, 0, 11, 25, 1142
"c:\Users\User\Desktop\receive\linkspeak\lib\widgets\common\settingsBar.dart", "Dart", 0, 0, 57, 0, 0, 0, 0, 0, 0, 0, 0, 0, 0, 0, 4, 61
"c:\Users\User\Desktop\receive\linkspeak\lib\widgets\common\sortationWidget.dart", "Dart", 0, 0, 103, 0, 0, 0, 0, 0, 0, 0, 0, 0, 0, 0, 10, 113
"c:\Users\User\Desktop\receive\linkspeak\lib\widgets\common\title.dart", "Dart", 0, 0, 48, 0, 0, 0, 0, 0, 0, 0, 0, 0, 0, 0, 3, 51
"c:\Users\User\Desktop\receive\linkspeak\lib\widgets\fullPost\addComment.dart", "Dart", 0, 0, 866, 0, 0, 0, 0, 0, 0, 0, 0, 0, 0, 39, 23, 928
"c:\Users\User\Desktop\receive\linkspeak\lib\widgets\fullPost\addReply.dart", "Dart", 0, 0, 955, 0, 0, 0, 0, 0, 0, 0, 0, 0, 0, 38, 23, 1016
"c:\Users\User\Desktop\receive\linkspeak\lib\widgets\fullPost\comment.dart", "Dart", 0, 0, 615, 0, 0, 0, 0, 0, 0, 0, 0, 0, 0, 0, 11, 626
"c:\Users\User\Desktop\receive\linkspeak\lib\widgets\fullPost\commentPreview.dart", "Dart", 0, 0, 164, 0, 0, 0, 0, 0, 0, 0, 0, 0, 0, 2, 9, 175
"c:\Users\User\Desktop\receive\linkspeak\lib\widgets\fullPost\commentsView.dart", "Dart", 0, 0, 794, 0, 0, 0, 0, 0, 0, 0, 0, 0, 0, 21, 18, 833
"c:\Users\User\Desktop\receive\linkspeak\lib\widgets\fullPost\fullPost.dart", "Dart", 0, 0, 784, 0, 0, 0, 0, 0, 0, 0, 0, 0, 0, 29, 31, 844
"c:\Users\User\Desktop\receive\linkspeak\lib\widgets\fullPost\fullPostCarousel.dart", "Dart", 0, 0, 114, 0, 0, 0, 0, 0, 0, 0, 0, 0, 0, 0, 5, 119
"c:\Users\User\Desktop\receive\linkspeak\lib\widgets\fullPost\likesView.dart", "Dart", 0, 0, 427, 0, 0, 0, 0, 0, 0, 0, 0, 0, 0, 0, 13, 440
"c:\Users\User\Desktop\receive\linkspeak\lib\widgets\fullPost\replyTile.dart", "Dart", 0, 0, 569, 0, 0, 0, 0, 0, 0, 0, 0, 0, 0, 12, 12, 593
"c:\Users\User\Desktop\receive\linkspeak\lib\widgets\fullPost\sensitiveComment.dart", "Dart", 0, 0, 64, 0, 0, 0, 0, 0, 0, 0, 0, 0, 0, 0, 4, 68
"c:\Users\User\Desktop\receive\linkspeak\lib\widgets\fullPost\shareView.dart", "Dart", 0, 0, 285, 0, 0, 0, 0, 0, 0, 0, 0, 0, 0, 0, 11, 296
"c:\Users\User\Desktop\receive\linkspeak\lib\widgets\fullPost\topicsView..dart", "Dart", 0, 0, 55, 0, 0, 0, 0, 0, 0, 0, 0, 0, 0, 0, 4, 59
"c:\Users\User\Desktop\receive\linkspeak\lib\widgets\home\appBar.dart", "Dart", 0, 0, 44, 0, 0, 0, 0, 0, 0, 0, 0, 0, 0, 0, 3, 47
"c:\Users\User\Desktop\receive\linkspeak\lib\widgets\home\appBarIcon.dart", "Dart", 0, 0, 27, 0, 0, 0, 0, 0, 0, 0, 0, 0, 0, 0, 2, 29
"c:\Users\User\Desktop\receive\linkspeak\lib\widgets\home\bottomNavBar.dart", "Dart", 0, 0, 163, 0, 0, 0, 0, 0, 0, 0, 0, 0, 0, 0, 8, 171
"c:\Users\User\Desktop\receive\linkspeak\lib\widgets\home\fasterButton.dart", "Dart", 0, 0, 19, 0, 0, 0, 0, 0, 0, 0, 0, 0, 0, 0, 3, 22
"c:\Users\User\Desktop\receive\linkspeak\lib\widgets\home\notificationButton.dart", "Dart", 0, 0, 58, 0, 0, 0, 0, 0, 0, 0, 0, 0, 0, 0, 3, 61
"c:\Users\User\Desktop\receive\linkspeak\lib\widgets\home\pauseButton.dart", "Dart", 0, 0, 62, 0, 0, 0, 0, 0, 0, 0, 0, 0, 0, 0, 4, 66
"c:\Users\User\Desktop\receive\linkspeak\lib\widgets\home\playButton.dart", "Dart", 0, 0, 33, 0, 0, 0, 0, 0, 0, 0, 0, 0, 0, 0, 4, 37
"c:\Users\User\Desktop\receive\linkspeak\lib\widgets\home\profileButton.dart", "Dart", 0, 0, 37, 0, 0, 0, 0, 0, 0, 0, 0, 0, 0, 0, 3, 40
"c:\Users\User\Desktop\receive\linkspeak\lib\widgets\home\reverseButton.dart", "Dart", 0, 0, 120, 0, 0, 0, 0, 0, 0, 0, 0, 0, 0, 0, 7, 127
"c:\Users\User\Desktop\receive\linkspeak\lib\widgets\home\scrollBar.dart", "Dart", 0, 0, 58, 0, 0, 0, 0, 0, 0, 0, 0, 0, 0, 0, 3, 61
"c:\Users\User\Desktop\receive\linkspeak\lib\widgets\home\searchButton.dart", "Dart", 0, 0, 13, 0, 0, 0, 0, 0, 0, 0, 0, 0, 0, 0, 3, 16
"c:\Users\User\Desktop\receive\linkspeak\lib\widgets\home\slowerButton.dart", "Dart", 0, 0, 19, 0, 0, 0, 0, 0, 0, 0, 0, 0, 0, 0, 3, 22
"c:\Users\User\Desktop\receive\linkspeak\lib\widgets\home\speedFactor.dart", "Dart", 0, 0, 38, 0, 0, 0, 0, 0, 0, 0, 0, 0, 0, 0, 3, 41
"c:\Users\User\Desktop\receive\linkspeak\lib\widgets\home\startButton.dart", "Dart", 0, 0, 122, 0, 0, 0, 0, 0, 0, 0, 0, 0, 0, 0, 6, 128
"c:\Users\User\Desktop\receive\linkspeak\lib\widgets\home\stopButton.dart", "Dart", 0, 0, 79, 0, 0, 0, 0, 0, 0, 0, 0, 0, 0, 0, 4, 83
"c:\Users\User\Desktop\receive\linkspeak\lib\widgets\misc\ads.dart", "Dart", 0, 0, 165, 0, 0, 0, 0, 0, 0, 0, 0, 0, 0, 0, 15, 180
"c:\Users\User\Desktop\receive\linkspeak\lib\widgets\misc\bodyWrapper.dart", "Dart", 0, 0, 89, 0, 0, 0, 0, 0, 0, 0, 0, 0, 0, 0, 10, 99
"c:\Users\User\Desktop\receive\linkspeak\lib\widgets\misc\historyFutureBuilder.dart", "Dart", 0, 0, 415, 0, 0, 0, 0, 0, 0, 0, 0, 0, 0, 1, 19, 435
"c:\Users\User\Desktop\receive\linkspeak\lib\widgets\misc\historyTileItem.dart", "Dart", 0, 0, 242, 0, 0, 0, 0, 0, 0, 0, 0, 0, 0, 0, 15, 257
"c:\Users\User\Desktop\receive\linkspeak\lib\widgets\misc\searchTabBar.dart", "Dart", 0, 0, 83, 0, 0, 0, 0, 0, 0, 0, 0, 0, 0, 0, 3, 86
"c:\Users\User\Desktop\receive\linkspeak\lib\widgets\misc\suggestedWidget.dart", "Dart", 0, 0, 705, 0, 0, 0, 0, 0, 0, 0, 0, 0, 0, 1, 20, 726
"c:\Users\User\Desktop\receive\linkspeak\lib\widgets\misc\titleButton.dart", "Dart", 0, 0, 10, 0, 0, 0, 0, 0, 0, 0, 0, 0, 0, 0, 3, 13
"c:\Users\User\Desktop\receive\linkspeak\lib\widgets\misc\userResult.dart", "Dart", 0, 0, 77, 0, 0, 0, 0, 0, 0, 0, 0, 0, 0, 0, 5, 82
"c:\Users\User\Desktop\receive\linkspeak\lib\widgets\misc\videoPlayer.dart", "Dart", 0, 0, 104, 0, 0, 0, 0, 0, 0, 0, 0, 0, 0, 2, 10, 116
"c:\Users\User\Desktop\receive\linkspeak\lib\widgets\places\placeList.dart", "Dart", 0, 0, 477, 0, 0, 0, 0, 0, 0, 0, 0, 0, 0, 7, 18, 502
"c:\Users\User\Desktop\receive\linkspeak\lib\widgets\places\placePosts.dart", "Dart", 0, 0, 63, 0, 0, 0, 0, 0, 0, 0, 0, 0, 0, 0, 8, 71
"c:\Users\User\Desktop\receive\linkspeak\lib\widgets\places\placeScreenMap.dart", "Dart", 0, 0, 66, 0, 0, 0, 0, 0, 0, 0, 0, 0, 0, 1, 9, 76
"c:\Users\User\Desktop\receive\linkspeak\lib\widgets\post\backsideMap.dart", "Dart", 0, 0, 148, 0, 0, 0, 0, 0, 0, 0, 0, 0, 0, 2, 6, 156
"c:\Users\User\Desktop\receive\linkspeak\lib\widgets\post\backsideTopics.dart", "Dart", 0, 0, 103, 0, 0, 0, 0, 0, 0, 0, 0, 0, 0, 0, 7, 110
"c:\Users\User\Desktop\receive\linkspeak\lib\widgets\post\boardPostWidget.dart", "Dart", 0, 0, 1627, 0, 0, 0, 0, 0, 0, 0, 0, 0, 0, 0, 34, 1661
"c:\Users\User\Desktop\receive\linkspeak\lib\widgets\post\boardSections.dart", "Dart", 0, 0, 1371, 0, 0, 0, 0, 0, 0, 0, 0, 0, 0, 15, 32, 1418
"c:\Users\User\Desktop\receive\linkspeak\lib\widgets\post\branchPostWidget.dart", "Dart", 0, 0, 1609, 0, 0, 0, 0, 0, 0, 0, 0, 0, 0, 14, 31, 1654
"c:\Users\User\Desktop\receive\linkspeak\lib\widgets\post\descriptionPreview.dart", "Dart", 0, 0, 93, 0, 0, 0, 0, 0, 0, 0, 0, 0, 0, 0, 8, 101
"c:\Users\User\Desktop\receive\linkspeak\lib\widgets\post\noMediaDescription.dart", "Dart", 0, 0, 94, 0, 0, 0, 0, 0, 0, 0, 0, 0, 0, 0, 8, 102
"c:\Users\User\Desktop\receive\linkspeak\lib\widgets\post\postBackside.dart", "Dart", 0, 0, 211, 0, 0, 0, 0, 0, 0, 0, 0, 0, 0, 0, 9, 220
"c:\Users\User\Desktop\receive\linkspeak\lib\widgets\post\postBaseline.dart", "Dart", 0, 0, 633, 0, 0, 0, 0, 0, 0, 0, 0, 0, 0, 7, 17, 657
"c:\Users\User\Desktop\receive\linkspeak\lib\widgets\post\postWidget.dart", "Dart", 0, 0, 1129, 0, 0, 0, 0, 0, 0, 0, 0, 0, 0, 8, 19, 1156
"c:\Users\User\Desktop\receive\linkspeak\lib\widgets\post\postWidgetButton.dart", "Dart", 0, 0, 63, 0, 0, 0, 0, 0, 0, 0, 0, 0, 0, 0, 3, 66
"c:\Users\User\Desktop\receive\linkspeak\lib\widgets\post\postWidgetCarouselStamp.dart", "Dart", 0, 0, 60, 0, 0, 0, 0, 0, 0, 0, 0, 0, 0, 0, 4, 64
"c:\Users\User\Desktop\receive\linkspeak\lib\widgets\post\postWidgetTitile.dart", "Dart", 0, 0, 404, 0, 0, 0, 0, 0, 0, 0, 0, 0, 0, 16, 8, 428
"c:\Users\User\Desktop\receive\linkspeak\lib\widgets\post\previewCarousel.dart", "Dart", 0, 0, 84, 0, 0, 0, 0, 0, 0, 0, 0, 0, 0, 0, 5, 89
"c:\Users\User\Desktop\receive\linkspeak\lib\widgets\post\sensitiveBanner.dart", "Dart", 0, 0, 53, 0, 0, 0, 0, 0, 0, 0, 0, 0, 0, 0, 3, 56
"c:\Users\User\Desktop\receive\linkspeak\lib\widgets\profile\chatButton.dart", "Dart", 0, 0, 60, 0, 0, 0, 0, 0, 0, 0, 0, 0, 0, 0, 3, 63
"c:\Users\User\Desktop\receive\linkspeak\lib\widgets\profile\deleteProfileButton.dart", "Dart", 0, 0, 1072, 0, 0, 0, 0, 0, 0, 0, 0, 0, 0, 9, 49, 1130
"c:\Users\User\Desktop\receive\linkspeak\lib\widgets\profile\linkButton.dart", "Dart", 0, 0, 365, 0, 0, 0, 0, 0, 0, 0, 0, 0, 0, 0, 9, 374
"c:\Users\User\Desktop\receive\linkspeak\lib\widgets\profile\myLinked.dart", "Dart", 0, 0, 388, 0, 0, 0, 0, 0, 0, 0, 0, 0, 0, 0, 15, 403
"c:\Users\User\Desktop\receive\linkspeak\lib\widgets\profile\myLinks.dart", "Dart", 0, 0, 392, 0, 0, 0, 0, 0, 0, 0, 0, 0, 0, 0, 14, 406
"c:\Users\User\Desktop\receive\linkspeak\lib\widgets\profile\myPostsTab.dart", "Dart", 0, 0, 350, 0, 0, 0, 0, 0, 0, 0, 0, 0, 0, 0, 11, 361
"c:\Users\User\Desktop\receive\linkspeak\lib\widgets\profile\myProfileBanner.dart", "Dart", 0, 0, 411, 0, 0, 0, 0, 0, 0, 0, 0, 0, 0, 7, 9, 427
"c:\Users\User\Desktop\receive\linkspeak\lib\widgets\profile\otherLinked.dart", "Dart", 0, 0, 432, 0, 0, 0, 0, 0, 0, 0, 0, 0, 0, 0, 16, 448
"c:\Users\User\Desktop\receive\linkspeak\lib\widgets\profile\otherLinks.dart", "Dart", 0, 0, 438, 0, 0, 0, 0, 0, 0, 0, 0, 0, 0, 0, 16, 454
"c:\Users\User\Desktop\receive\linkspeak\lib\widgets\profile\otherPostTab.dart", "Dart", 0, 0, 347, 0, 0, 0, 0, 0, 0, 0, 0, 0, 0, 0, 11, 358
"c:\Users\User\Desktop\receive\linkspeak\lib\widgets\profile\otherProfileBanner.dart", "Dart", 0, 0, 78, 0, 0, 0, 0, 0, 0, 0, 0, 0, 0, 0, 5, 83
"c:\Users\User\Desktop\receive\linkspeak\lib\widgets\profile\postsAndTopicsTabs.dart", "Dart", 0, 0, 32, 0, 0, 0, 0, 0, 0, 0, 0, 0, 0, 0, 5, 37
"c:\Users\User\Desktop\receive\linkspeak\lib\widgets\profile\postsTab.dart", "Dart", 0, 0, 53, 0, 0, 0, 0, 0, 0, 0, 0, 0, 0, 0, 7, 60
"c:\Users\User\Desktop\receive\linkspeak\lib\widgets\profile\preview.dart", "Dart", 0, 0, 60, 0, 0, 0, 0, 0, 0, 0, 0, 0, 0, 0, 3, 63
"c:\Users\User\Desktop\receive\linkspeak\lib\widgets\profile\profile.dart", "Dart", 0, 0, 67, 0, 0, 0, 0, 0, 0, 0, 0, 0, 0, 0, 8, 75
"c:\Users\User\Desktop\receive\linkspeak\lib\widgets\profile\profileBackAddress.dart", "Dart", 0, 0, 174, 0, 0, 0, 0, 0, 0, 0, 0, 0, 0, 0, 9, 183
"c:\Users\User\Desktop\receive\linkspeak\lib\widgets\profile\profileBackLink.dart", "Dart", 0, 0, 102, 0, 0, 0, 0, 0, 0, 0, 0, 0, 0, 2, 7, 111
"c:\Users\User\Desktop\receive\linkspeak\lib\widgets\profile\profileBackside.dart", "Dart", 0, 0, 270, 0, 0, 0, 0, 0, 0, 0, 0, 0, 0, 15, 10, 295
"c:\Users\User\Desktop\receive\linkspeak\lib\widgets\profile\profileBox.dart", "Dart", 0, 0, 610, 0, 0, 0, 0, 0, 0, 0, 0, 0, 0, 0, 16, 626
"c:\Users\User\Desktop\receive\linkspeak\lib\widgets\profile\profileMap.dart", "Dart", 0, 0, 76, 0, 0, 0, 0, 0, 0, 0, 0, 0, 0, 0, 7, 83
"c:\Users\User\Desktop\receive\linkspeak\lib\widgets\profile\profileSensitiveBanner.dart", "Dart", 0, 0, 47, 0, 0, 0, 0, 0, 0, 0, 0, 0, 0, 0, 3, 50
"c:\Users\User\Desktop\receive\linkspeak\lib\widgets\profile\profileTabBar.dart", "Dart", 0, 0, 65, 0, 0, 0, 0, 0, 0, 0, 0, 0, 0, 0, 4, 69
"c:\Users\User\Desktop\receive\linkspeak\lib\widgets\profile\qrCode.dart", "Dart", 0, 0, 27, 0, 0, 0, 0, 0, 0, 0, 0, 0, 0, 0, 4, 31
"c:\Users\User\Desktop\receive\linkspeak\lib\widgets\profile\topicsTab.dart", "Dart", 0, 0, 320, 0, 0, 0, 0, 0, 0, 0, 0, 0, 0, 0, 9, 329
"c:\Users\User\Desktop\receive\linkspeak\lib\widgets\settings\privacyPolicy.dart", "Dart", 0, 0, 243, 0, 0, 0, 0, 0, 0, 0, 0, 0, 0, 0, 93, 336
"c:\Users\User\Desktop\receive\linkspeak\lib\widgets\settings\switchSheet.dart", "Dart", 0, 0, 875, 0, 0, 0, 0, 0, 0, 0, 0, 0, 0, 0, 29, 904
"c:\Users\User\Desktop\receive\linkspeak\lib\widgets\settings\terms.dart", "Dart", 0, 0, 357, 0, 0, 0, 0, 0, 0, 0, 0, 0, 0, 0, 60, 417
"c:\Users\User\Desktop\receive\linkspeak\lib\widgets\share\shareTile.dart", "Dart", 0, 0, 613, 0, 0, 0, 0, 0, 0, 0, 0, 0, 0, 24, 24, 661
"c:\Users\User\Desktop\receive\linkspeak\lib\widgets\share\shareWidget.dart", "Dart", 0, 0, 376, 0, 0, 0, 0, 0, 0, 0, 0, 0, 0, 0, 12, 388
"c:\Users\User\Desktop\receive\linkspeak\lib\widgets\snackbar\blockSnack.dart", "Dart", 0, 0, 37, 0, 0, 0, 0, 0, 0, 0, 0, 0, 0, 0, 3, 40
"c:\Users\User\Desktop\receive\linkspeak\lib\widgets\snackbar\deleteSnack.dart", "Dart", 0, 0, 35, 0, 0, 0, 0, 0, 0, 0, 0, 0, 0, 0, 2, 37
"c:\Users\User\Desktop\receive\linkspeak\lib\widgets\snackbar\favSnack.dart", "Dart", 0, 0, 28, 0, 0, 0, 0, 0, 0, 0, 0, 0, 0, 0, 2, 30
"c:\Users\User\Desktop\receive\linkspeak\lib\widgets\snackbar\hiddenPostSnack.dart", "Dart", 0, 0, 71, 0, 0, 0, 0, 0, 0, 0, 0, 0, 0, 0, 5, 76
"c:\Users\User\Desktop\receive\linkspeak\lib\widgets\snackbar\removedSnack.dart", "Dart", 0, 0, 35, 0, 0, 0, 0, 0, 0, 0, 0, 0, 0, 0, 2, 37
"c:\Users\User\Desktop\receive\linkspeak\lib\widgets\snackbar\reportSnack.dart", "Dart", 0, 0, 36, 0, 0, 0, 0, 0, 0, 0, 0, 0, 0, 0, 2, 38
"c:\Users\User\Desktop\receive\linkspeak\lib\widgets\snackbar\visSnack.dart", "Dart", 0, 0, 39, 0, 0, 0, 0, 0, 0, 0, 0, 0, 0, 0, 2, 41
"c:\Users\User\Desktop\receive\linkspeak\lib\widgets\topics\addTopic.dart", "Dart", 0, 0, 197, 0, 0, 0, 0, 0, 0, 0, 0, 0, 0, 0, 8, 205
"c:\Users\User\Desktop\receive\linkspeak\lib\widgets\topics\topicChip.dart", "Dart", 0, 0, 28, 0, 0, 0, 0, 0, 0, 0, 0, 0, 0, 0, 2, 30
"c:\Users\User\Desktop\receive\linkspeak\lib\widgets\topics\topicList.dart", "Dart", 0, 0, 459, 0, 0, 0, 0, 0, 0, 0, 0, 0, 0, 3, 18, 480
"c:\Users\User\Desktop\receive\linkspeak\lib\widgets\topics\topicPosts.dart", "Dart", 0, 0, 59, 0, 0, 0, 0, 0, 0, 0, 0, 0, 0, 0, 7, 66
"c:\Users\User\Desktop\receive\linkspeak\lib\widgets\topics\topicResult.dart", "Dart", 0, 0, 83, 0, 0, 0, 0, 0, 0, 0, 0, 0, 0, 0, 9, 92
"c:\Users\User\Desktop\receive\linkspeak\linux\flutter\generated_plugin_registrant.cc", "C++", 0, 7, 0, 0, 0, 0, 0, 0, 0, 0, 0, 0, 0, 4, 5, 16
"c:\Users\User\Desktop\receive\linkspeak\linux\flutter\generated_plugin_registrant.h", "C++", 0, 5, 0, 0, 0, 0, 0, 0, 0, 0, 0, 0, 0, 5, 6, 16
"c:\Users\User\Desktop\receive\linkspeak\linux\main.cc", "C++", 0, 5, 0, 0, 0, 0, 0, 0, 0, 0, 0, 0, 0, 0, 2, 7
"c:\Users\User\Desktop\receive\linkspeak\linux\my_application.cc", "C++", 0, 74, 0, 0, 0, 0, 0, 0, 0, 0, 0, 0, 0, 11, 20, 105
"c:\Users\User\Desktop\receive\linkspeak\linux\my_application.h", "C++", 0, 7, 0, 0, 0, 0, 0, 0, 0, 0, 0, 0, 0, 7, 5, 19
"c:\Users\User\Desktop\receive\linkspeak\macos\Flutter\GeneratedPluginRegistrant.swift", "Swift", 0, 0, 0, 0, 0, 38, 0, 0, 0, 0, 0, 0, 0, 3, 4, 45
"c:\Users\User\Desktop\receive\linkspeak\macos\Runner\AppDelegate.swift", "Swift", 0, 0, 0, 0, 0, 8, 0, 0, 0, 0, 0, 0, 0, 0, 2, 10
"c:\Users\User\Desktop\receive\linkspeak\macos\Runner\Assets.xcassets\AppIcon.appiconset\Contents.json", "JSON", 68, 0, 0, 0, 0, 0, 0, 0, 0, 0, 0, 0, 0, 0, 1, 69
"c:\Users\User\Desktop\receive\linkspeak\macos\Runner\Base.lproj\MainMenu.xib", "XML", 0, 0, 0, 0, 0, 0, 0, 343, 0, 0, 0, 0, 0, 0, 1, 344
"c:\Users\User\Desktop\receive\linkspeak\macos\Runner\MainFlutterWindow.swift", "Swift", 0, 0, 0, 0, 0, 12, 0, 0, 0, 0, 0, 0, 0, 0, 4, 16
"c:\Users\User\Desktop\receive\linkspeak\public\index.html", "HTML", 0, 0, 0, 0, 0, 0, 0, 0, 79, 0, 0, 0, 0, 6, 5, 90
"c:\Users\User\Desktop\receive\linkspeak\pubspec.yaml", "YAML", 0, 0, 0, 0, 116, 0, 0, 0, 0, 0, 0, 0, 0, 7, 1, 124
"c:\Users\User\Desktop\receive\linkspeak\test\widget_test.dart", "Dart", 0, 0, 0, 0, 0, 0, 0, 0, 0, 0, 0, 0, 0, 0, 1, 1
"c:\Users\User\Desktop\receive\linkspeak\web\index.html", "HTML", 0, 0, 0, 0, 0, 0, 0, 0, 106, 0, 0, 0, 0, 15, 7, 128
"c:\Users\User\Desktop\receive\linkspeak\web\manifest.json", "JSON", 23, 0, 0, 0, 0, 0, 0, 0, 0, 0, 0, 0, 0, 0, 1, 24
"c:\Users\User\Desktop\receive\linkspeak\web\splash\style.css", "CSS", 0, 0, 0, 36, 0, 0, 0, 0, 0, 0, 0, 0, 0, 0, 8, 44
"c:\Users\User\Desktop\receive\linkspeak\windows\flutter\generated_plugin_registrant.cc", "C++", 0, 9, 0, 0, 0, 0, 0, 0, 0, 0, 0, 0, 0, 4, 5, 18
"c:\Users\User\Desktop\receive\linkspeak\windows\flutter\generated_plugin_registrant.h", "C++", 0, 5, 0, 0, 0, 0, 0, 0, 0, 0, 0, 0, 0, 5, 6, 16
"c:\Users\User\Desktop\receive\linkspeak\windows\runner\flutter_window.cpp", "C++", 0, 45, 0, 0, 0, 0, 0, 0, 0, 0, 0, 0, 0, 4, 13, 62
"c:\Users\User\Desktop\receive\linkspeak\windows\runner\flutter_window.h", "C++", 0, 20, 0, 0, 0, 0, 0, 0, 0, 0, 0, 0, 0, 5, 9, 34
"c:\Users\User\Desktop\receive\linkspeak\windows\runner\main.cpp", "C++", 0, 30, 0, 0, 0, 0, 0, 0, 0, 0, 0, 0, 0, 4, 10, 44
"c:\Users\User\Desktop\receive\linkspeak\windows\runner\resource.h", "C++", 0, 9, 0, 0, 0, 0, 0, 0, 0, 0, 0, 0, 0, 6, 2, 17
"c:\Users\User\Desktop\receive\linkspeak\windows\runner\utils.cpp", "C++", 0, 53, 0, 0, 0, 0, 0, 0, 0, 0, 0, 0, 0, 2, 10, 65
"c:\Users\User\Desktop\receive\linkspeak\windows\runner\utils.h", "C++", 0, 8, 0, 0, 0, 0, 0, 0, 0, 0, 0, 0, 0, 6, 6, 20
"c:\Users\User\Desktop\receive\linkspeak\windows\runner\win32_window.cpp", "C++", 0, 183, 0, 0, 0, 0, 0, 0, 0, 0, 0, 0, 0, 15, 48, 246
"c:\Users\User\Desktop\receive\linkspeak\windows\runner\win32_window.h", "C++", 0, 48, 0, 0, 0, 0, 0, 0, 0, 0, 0, 0, 0, 29, 22, 99
"Total", "-", 3124, 512, 96194, 36, 122, 89, 16, 997, 185, 95, 110, 8, 94, 1675, 4261, 107518